{
    "E": 1.4901273579246852,
    "temp": 0.019602
}