{
    "E": 1.3698058956615782,
    "temp": 0.019602
}