{
    "E": 1.2835964778700073,
    "temp": 0.019602
}