{
    "E": 1.48270096002658,
    "temp": 0.019602
}