{
    "E": 1.4897194030495298,
    "temp": 0.019602
}