{
    "E": 1.4888856651233855,
    "temp": 0.019602
}