{
    "E": 1.406964177769728,
    "temp": 0.019602
}