{
    "E": 1.4353792258403089,
    "temp": 0.019602
}