{
    "timestamp": "2026-01-02T21:39:30.140461",
    "client_id": 79,
    "round": 1,
    "accepted": true,
    "communication_type": "full_model",
    "size_bytes": 82140,
    "size_mb": 0.07833480834960938,
    "metrics": {
        "val_accuracy": 0.763859649122807,
        "val_precision": 0.7581453634085213,
        "val_recall": 0.7950623982637005,
        "val_f1": 0.7758728504429391,
        "val_fpr": 0.1430748949493285
    }
}