{
    "timestamp": "2026-01-02T21:39:18.907722",
    "client_id": 88,
    "round": 1,
    "accepted": true,
    "communication_type": "full_model",
    "size_bytes": 82140,
    "size_mb": 0.07833480834960938,
    "metrics": {
        "val_accuracy": 0.7972486772486772,
        "val_precision": 0.8054538054538054,
        "val_recall": 0.8102365874386599,
        "val_f1": 0.8078328696885397,
        "val_fpr": 0.10131038916085644
    }
}