{
    "timestamp": "2026-01-02T21:38:31.897340",
    "client_id": 96,
    "round": 1,
    "accepted": true,
    "communication_type": "full_model",
    "size_bytes": 82140,
    "size_mb": 0.07833480834960938,
    "metrics": {
        "val_accuracy": 0.7610416666666666,
        "val_precision": 0.7517992424242423,
        "val_recall": 0.804953231292517,
        "val_f1": 0.7768429487179487,
        "val_fpr": 0.17848557692307693
    }
}