{
    "timestamp": "2026-01-02T21:36:52.909354",
    "client_id": 56,
    "round": 1,
    "accepted": true,
    "communication_type": "full_model",
    "size_bytes": 82140,
    "size_mb": 0.07833480834960938,
    "metrics": {
        "val_accuracy": 0.7551282051282051,
        "val_precision": 0.7463046757164404,
        "val_recall": 0.7950779538719237,
        "val_f1": 0.7694139194139195,
        "val_fpr": 0.16939809612652915
    }
}