{
    "timestamp": "2026-01-02T21:40:02.872908",
    "client_id": 93,
    "round": 1,
    "accepted": true,
    "communication_type": "full_model",
    "size_bytes": 82140,
    "size_mb": 0.07833480834960938,
    "metrics": {
        "val_accuracy": 0.7726963350785341,
        "val_precision": 0.7665954176473413,
        "val_recall": 0.8171835145657136,
        "val_f1": 0.7904808387104953,
        "val_fpr": 0.1823724108477472
    }
}