{
    "timestamp": "2026-01-02T21:36:59.886559",
    "client_id": 66,
    "round": 1,
    "accepted": true,
    "communication_type": "full_model",
    "size_bytes": 82140,
    "size_mb": 0.07833480834960938,
    "metrics": {
        "val_accuracy": 0.774021164021164,
        "val_precision": 0.7845339845339845,
        "val_recall": 0.7892370534857582,
        "val_f1": 0.7868733976981399,
        "val_fpr": 0.12043451048617225
    }
}