{
    "timestamp": "2026-01-02T21:40:04.888366",
    "client_id": 72,
    "round": 1,
    "accepted": true,
    "communication_type": "full_model",
    "size_bytes": 82140,
    "size_mb": 0.07833480834960938,
    "metrics": {
        "val_accuracy": 0.7566216216216216,
        "val_precision": 0.7575822127546266,
        "val_recall": 0.7874110953058322,
        "val_f1": 0.7720033010109346,
        "val_fpr": 0.15266457680250783
    }
}