{
    "timestamp": "2026-01-02T21:37:56.684847",
    "client_id": 99,
    "round": 1,
    "accepted": true,
    "communication_type": "full_model",
    "size_bytes": 82140,
    "size_mb": 0.07833480834960938,
    "metrics": {
        "val_accuracy": 0.7701351351351351,
        "val_precision": 0.7514346946065008,
        "val_recall": 0.8325035561877667,
        "val_f1": 0.7883725452070776,
        "val_fpr": 0.20890758114957403
    }
}