{
    "timestamp": "2026-01-02T21:37:35.504620",
    "client_id": 38,
    "round": 1,
    "accepted": true,
    "communication_type": "full_model",
    "size_bytes": 82140,
    "size_mb": 0.07833480834960938,
    "metrics": {
        "val_accuracy": 0.7091534391534391,
        "val_precision": 0.7044116551158806,
        "val_recall": 0.7491707103106067,
        "val_f1": 0.7256887429301223,
        "val_fpr": 0.1782575574589844
    }
}