{
    "timestamp": "2026-01-02T21:37:58.963239",
    "client_id": 45,
    "round": 1,
    "accepted": false,
    "communication_type": "rejected",
    "size_bytes": 0,
    "size_mb": 0.0,
    "metrics": {
        "val_accuracy": 0.7236594202898551,
        "val_precision": 0.7112520128824477,
        "val_recall": 0.7720985737290085,
        "val_f1": 0.7396470746108427,
        "val_fpr": 0.1859873644831272
    }
}