{
    "timestamp": "2026-01-02T21:36:55.328385",
    "client_id": 64,
    "round": 1,
    "accepted": true,
    "communication_type": "full_model",
    "size_bytes": 82140,
    "size_mb": 0.07833480834960938,
    "metrics": {
        "val_accuracy": 0.7264021164021164,
        "val_precision": 0.7232601706285917,
        "val_recall": 0.7597527208926173,
        "val_f1": 0.7407802258548528,
        "val_fpr": 0.1633604548781652
    }
}