{
    "timestamp": "2026-01-02T21:36:33.018720",
    "client_id": 24,
    "round": 1,
    "accepted": true,
    "communication_type": "full_model",
    "size_bytes": 82140,
    "size_mb": 0.07833480834960938,
    "metrics": {
        "val_accuracy": 0.7448797250859107,
        "val_precision": 0.7407987282011754,
        "val_recall": 0.7811382284872712,
        "val_f1": 0.760082977118431,
        "val_fpr": 0.1625243664717349
    }
}