{
    "timestamp": "2026-01-02T21:38:26.054331",
    "client_id": 19,
    "round": 1,
    "accepted": true,
    "communication_type": "full_model",
    "size_bytes": 82140,
    "size_mb": 0.07833480834960938,
    "metrics": {
        "val_accuracy": 0.7506521739130434,
        "val_precision": 0.7499204665959702,
        "val_recall": 0.786260639521509,
        "val_f1": 0.7673526815272567,
        "val_fpr": 0.16882507507507508
    }
}