{
    "timestamp": "2026-01-02T21:38:35.568115",
    "client_id": 11,
    "round": 1,
    "accepted": true,
    "communication_type": "full_model",
    "size_bytes": 82140,
    "size_mb": 0.07833480834960938,
    "metrics": {
        "val_accuracy": 0.7450093109869647,
        "val_precision": 0.7319644391920929,
        "val_recall": 0.7880890211318922,
        "val_f1": 0.7583086307148559,
        "val_fpr": 0.167719614921781
    }
}