{
    "timestamp": "2026-01-02T21:37:30.624312",
    "client_id": 60,
    "round": 1,
    "accepted": true,
    "communication_type": "full_model",
    "size_bytes": 82140,
    "size_mb": 0.07833480834960938,
    "metrics": {
        "val_accuracy": 0.7717730496453901,
        "val_precision": 0.7617118875658794,
        "val_recall": 0.8194813829787234,
        "val_f1": 0.7887649195640892,
        "val_fpr": 0.18487800596805334
    }
}