{
    "timestamp": "2026-01-02T21:36:45.306044",
    "client_id": 35,
    "round": 1,
    "accepted": true,
    "communication_type": "full_model",
    "size_bytes": 82140,
    "size_mb": 0.07833480834960938,
    "metrics": {
        "val_accuracy": 0.7372425828970331,
        "val_precision": 0.7318904702209768,
        "val_recall": 0.7726271982816486,
        "val_f1": 0.7513602299558567,
        "val_fpr": 0.15714285714285714
    }
}