{
    "timestamp": "2026-01-02T21:37:02.232867",
    "client_id": 69,
    "round": 1,
    "accepted": true,
    "communication_type": "full_model",
    "size_bytes": 82140,
    "size_mb": 0.07833480834960938,
    "metrics": {
        "val_accuracy": 0.7120677361853832,
        "val_precision": 0.6954010695187165,
        "val_recall": 0.7701654674244758,
        "val_f1": 0.7297279925956397,
        "val_fpr": 0.21335805095903687
    }
}