{
    "timestamp": "2026-01-02T21:38:48.578845",
    "client_id": 70,
    "round": 1,
    "accepted": false,
    "communication_type": "rejected",
    "size_bytes": 0,
    "size_mb": 0.0,
    "metrics": {
        "val_accuracy": 0.7680423280423281,
        "val_precision": 0.7589179040791945,
        "val_recall": 0.8124982865915509,
        "val_f1": 0.7841398890179379,
        "val_fpr": 0.1711392968402314
    }
}