{
    "timestamp": "2026-01-02T21:37:04.580883",
    "client_id": 73,
    "round": 1,
    "accepted": true,
    "communication_type": "full_model",
    "size_bytes": 82140,
    "size_mb": 0.07833480834960938,
    "metrics": {
        "val_accuracy": 0.762719298245614,
        "val_precision": 0.7559363525091799,
        "val_recall": 0.8030113944655453,
        "val_f1": 0.7782653455153776,
        "val_fpr": 0.16669868962072013
    }
}