{
    "timestamp": "2026-01-02T21:39:06.724048",
    "client_id": 57,
    "round": 1,
    "accepted": true,
    "communication_type": "full_model",
    "size_bytes": 82140,
    "size_mb": 0.07833480834960938,
    "metrics": {
        "val_accuracy": 0.7397747747747747,
        "val_precision": 0.7266601443072032,
        "val_recall": 0.794950213371266,
        "val_f1": 0.7582297626093246,
        "val_fpr": 0.1981694375663247
    }
}