{
    "timestamp": "2026-01-02T21:38:54.891961",
    "client_id": 23,
    "round": 1,
    "accepted": true,
    "communication_type": "full_model",
    "size_bytes": 82140,
    "size_mb": 0.07833480834960938,
    "metrics": {
        "val_accuracy": 0.772482269503546,
        "val_precision": 0.764387031408308,
        "val_recall": 0.8061281028368794,
        "val_f1": 0.7843230655234465,
        "val_fpr": 0.14376218323586745
    }
}