{
    "timestamp": "2026-01-02T21:37:47.827476",
    "client_id": 40,
    "round": 1,
    "accepted": true,
    "communication_type": "full_model",
    "size_bytes": 82140,
    "size_mb": 0.07833480834960938,
    "metrics": {
        "val_accuracy": 0.7534715025906735,
        "val_precision": 0.7560552346480898,
        "val_recall": 0.7830146497987954,
        "val_f1": 0.7691365272212154,
        "val_fpr": 0.15400485436893205
    }
}