{
    "timestamp": "2026-01-02T21:37:41.869381",
    "client_id": 1,
    "round": 1,
    "accepted": true,
    "communication_type": "full_model",
    "size_bytes": 82140,
    "size_mb": 0.07833480834960938,
    "metrics": {
        "val_accuracy": 0.7286736474694591,
        "val_precision": 0.7355890703550312,
        "val_recall": 0.7494428782386897,
        "val_f1": 0.7424110212068327,
        "val_fpr": 0.13428571428571429
    }
}