{
    "timestamp": "2026-01-02T21:38:16.077561",
    "client_id": 34,
    "round": 1,
    "accepted": true,
    "communication_type": "full_model",
    "size_bytes": 82140,
    "size_mb": 0.07833480834960938,
    "metrics": {
        "val_accuracy": 0.7460204081632653,
        "val_precision": 0.7470297978346268,
        "val_recall": 0.7760204081632653,
        "val_f1": 0.7610688343133863,
        "val_fpr": 0.1536904761904762
    }
}