{
    "timestamp": "2026-01-02T21:36:38.042390",
    "client_id": 28,
    "round": 1,
    "accepted": true,
    "communication_type": "full_model",
    "size_bytes": 82140,
    "size_mb": 0.07833480834960938,
    "metrics": {
        "val_accuracy": 0.7771874999999999,
        "val_precision": 0.7679171466973886,
        "val_recall": 0.8153167517006803,
        "val_f1": 0.7904118744955609,
        "val_fpr": 0.15508814102564103
    }
}