{
    "timestamp": "2026-01-02T21:38:35.651962",
    "client_id": 25,
    "round": 1,
    "accepted": true,
    "communication_type": "full_model",
    "size_bytes": 82140,
    "size_mb": 0.07833480834960938,
    "metrics": {
        "val_accuracy": 0.7601063829787233,
        "val_precision": 0.7441972920696325,
        "val_recall": 0.8272938829787234,
        "val_f1": 0.7819148936170213,
        "val_fpr": 0.23082942097026604
    }
}