{
    "timestamp": "2026-01-02T21:39:26.071573",
    "client_id": 50,
    "round": 1,
    "accepted": true,
    "communication_type": "full_model",
    "size_bytes": 82140,
    "size_mb": 0.07833480834960938,
    "metrics": {
        "val_accuracy": 0.74,
        "val_precision": 0.744976076555024,
        "val_recall": 0.7673366834170854,
        "val_f1": 0.7558823529411764,
        "val_fpr": 0.1517254638085168
    }
}