{
    "timestamp": "2026-01-02T21:36:59.268257",
    "client_id": 65,
    "round": 1,
    "accepted": true,
    "communication_type": "full_model",
    "size_bytes": 82140,
    "size_mb": 0.07833480834960938,
    "metrics": {
        "val_accuracy": 0.7467204301075269,
        "val_precision": 0.7370663420572124,
        "val_recall": 0.7852980915385914,
        "val_f1": 0.7599255583126552,
        "val_fpr": 0.15676605504587157
    }
}