{
    "timestamp": "2026-01-02T21:37:12.764779",
    "client_id": 94,
    "round": 1,
    "accepted": true,
    "communication_type": "full_model",
    "size_bytes": 82140,
    "size_mb": 0.07833480834960938,
    "metrics": {
        "val_accuracy": 0.7614893617021277,
        "val_precision": 0.7513730826323601,
        "val_recall": 0.8034685283687943,
        "val_f1": 0.775948821161587,
        "val_fpr": 0.1688341750841751
    }
}