{
    "timestamp": "2026-01-02T21:39:10.097968",
    "client_id": 91,
    "round": 1,
    "accepted": true,
    "communication_type": "full_model",
    "size_bytes": 82140,
    "size_mb": 0.07833480834960938,
    "metrics": {
        "val_accuracy": 0.751762652705061,
        "val_precision": 0.7426153658833556,
        "val_recall": 0.7881729091153175,
        "val_f1": 0.7642829779083131,
        "val_fpr": 0.15210496772382823
    }
}