{
    "timestamp": "2026-01-02T21:38:01.541819",
    "client_id": 14,
    "round": 1,
    "accepted": true,
    "communication_type": "full_model",
    "size_bytes": 82140,
    "size_mb": 0.07833480834960938,
    "metrics": {
        "val_accuracy": 0.7493804537521815,
        "val_precision": 0.7357318051035329,
        "val_recall": 0.7959189152906431,
        "val_f1": 0.7638768566298794,
        "val_fpr": 0.17926533560336377
    }
}