{
    "timestamp": "2026-01-02T21:39:16.189227",
    "client_id": 33,
    "round": 1,
    "accepted": true,
    "communication_type": "full_model",
    "size_bytes": 82140,
    "size_mb": 0.07833480834960938,
    "metrics": {
        "val_accuracy": 0.7541448516579407,
        "val_precision": 0.7501384414015304,
        "val_recall": 0.780426902939992,
        "val_f1": 0.7647941485975602,
        "val_fpr": 0.1342964151952916
    }
}