{
    "timestamp": "2026-01-02T21:39:59.516532",
    "client_id": 48,
    "round": 1,
    "accepted": true,
    "communication_type": "full_model",
    "size_bytes": 82140,
    "size_mb": 0.07833480834960938,
    "metrics": {
        "val_accuracy": 0.7493749999999999,
        "val_precision": 0.741475149476831,
        "val_recall": 0.7998511904761905,
        "val_f1": 0.7687823190135241,
        "val_fpr": 0.20117705570291777
    }
}