{
    "timestamp": "2026-01-02T21:36:26.229916",
    "client_id": 17,
    "round": 1,
    "accepted": true,
    "communication_type": "full_model",
    "size_bytes": 82140,
    "size_mb": 0.07833480834960938,
    "metrics": {
        "val_accuracy": 0.7605080213903743,
        "val_precision": 0.7483783917607447,
        "val_recall": 0.8050368172018927,
        "val_f1": 0.7749674808498337,
        "val_fpr": 0.16852135009627364
    }
}