{
    "timestamp": "2026-01-02T21:37:28.587533",
    "client_id": 30,
    "round": 1,
    "accepted": true,
    "communication_type": "full_model",
    "size_bytes": 82140,
    "size_mb": 0.07833480834960938,
    "metrics": {
        "val_accuracy": 0.7438709677419355,
        "val_precision": 0.7397395123428745,
        "val_recall": 0.7884084895569442,
        "val_f1": 0.7627488555307144,
        "val_fpr": 0.19010052036530062
    }
}