{
    "timestamp": "2026-01-02T21:38:25.050466",
    "client_id": 67,
    "round": 1,
    "accepted": true,
    "communication_type": "full_model",
    "size_bytes": 82140,
    "size_mb": 0.07833480834960938,
    "metrics": {
        "val_accuracy": 0.7226719576719576,
        "val_precision": 0.716931216931217,
        "val_recall": 0.7676892288291252,
        "val_f1": 0.740883041616538,
        "val_fpr": 0.18769696148810328
    }
}