{
    "timestamp": "2026-01-02T21:37:22.799357",
    "client_id": 41,
    "round": 1,
    "accepted": true,
    "communication_type": "full_model",
    "size_bytes": 82140,
    "size_mb": 0.07833480834960938,
    "metrics": {
        "val_accuracy": 0.7745365418894831,
        "val_precision": 0.7666793990323402,
        "val_recall": 0.8104964022734272,
        "val_f1": 0.7875498419726086,
        "val_fpr": 0.15047185062441903
    }
}