{
    "timestamp": "2026-01-02T21:40:01.621448",
    "client_id": 78,
    "round": 1,
    "accepted": true,
    "communication_type": "full_model",
    "size_bytes": 82140,
    "size_mb": 0.07833480834960938,
    "metrics": {
        "val_accuracy": 0.7662032085561498,
        "val_precision": 0.7531438478255561,
        "val_recall": 0.8157320043676681,
        "val_f1": 0.7823007695317595,
        "val_fpr": 0.18136345891079447
    }
}