{
    "timestamp": "2026-01-02T21:39:40.557166",
    "client_id": 12,
    "round": 1,
    "accepted": true,
    "communication_type": "full_model",
    "size_bytes": 82140,
    "size_mb": 0.07833480834960938,
    "metrics": {
        "val_accuracy": 0.7511904761904762,
        "val_precision": 0.7374517374517375,
        "val_recall": 0.8017517887984209,
        "val_f1": 0.7673551348250143,
        "val_fpr": 0.1919355371354975
    }
}