{
    "timestamp": "2026-01-02T21:39:52.072813",
    "client_id": 80,
    "round": 1,
    "accepted": true,
    "communication_type": "full_model",
    "size_bytes": 82140,
    "size_mb": 0.07833480834960938,
    "metrics": {
        "val_accuracy": 0.8033333333333332,
        "val_precision": 0.7957547169811321,
        "val_recall": 0.8371134020618556,
        "val_f1": 0.8155172413793104,
        "val_fpr": 0.14058516063233045
    }
}