{
    "timestamp": "2026-01-02T21:38:06.570458",
    "client_id": 6,
    "round": 1,
    "accepted": true,
    "communication_type": "full_model",
    "size_bytes": 82140,
    "size_mb": 0.07833480834960938,
    "metrics": {
        "val_accuracy": 0.7686528497409326,
        "val_precision": 0.7592921191473254,
        "val_recall": 0.8085005654769732,
        "val_f1": 0.7825951574332404,
        "val_fpr": 0.1603932797330097
    }
}