{
    "timestamp": "2026-01-02T21:38:44.575547",
    "client_id": 3,
    "round": 1,
    "accepted": true,
    "communication_type": "full_model",
    "size_bytes": 82140,
    "size_mb": 0.07833480834960938,
    "metrics": {
        "val_accuracy": 0.7378723404255318,
        "val_precision": 0.7318346045764753,
        "val_recall": 0.7770390070921986,
        "val_f1": 0.7533178849799874,
        "val_fpr": 0.16645133505598622
    }
}