{
    "timestamp": "2026-01-02T21:39:51.825071",
    "client_id": 32,
    "round": 1,
    "accepted": true,
    "communication_type": "full_model",
    "size_bytes": 82140,
    "size_mb": 0.07833480834960938,
    "metrics": {
        "val_accuracy": 0.7715095986038394,
        "val_precision": 0.7616611137553546,
        "val_recall": 0.81702241911666,
        "val_f1": 0.7876742572383777,
        "val_fpr": 0.17581860330339033
    }
}