{
    "round": 5,
    "timestamp": "2026-01-02T21:20:02.244122",
    "analysis": {
        "total_communication_events": 265,
        "accepted_clients": 253,
        "rejected_clients": 12,
        "acceptance_rate": 0.9547169811320755,
        "communication_costs": {
            "actual_mb": 19.818706512451172,
            "actual_bytes": 20781420,
            "without_sa_mb": 20.758724212646484,
            "without_sa_bytes": 21767100.0,
            "average_model_size_mb": 0.07833480834960938,
            "average_model_size_bytes": 82140.0
        },
        "savings": {
            "saved_mb": 0.9400177001953125,
            "saved_bytes": 985680.0,
            "savings_percentage": 4.528301886792453,
            "communication_reduction_factor": 1.0474308300395256
        },
        "time_analysis": {
            "assumed_network_speed_mbps": 10,
            "time_without_sa_seconds": 16.606979370117188,
            "time_with_sa_seconds": 15.854965209960938,
            "time_saved_seconds": 0.75201416015625,
            "time_saved_minutes": 0.0125335693359375,
            "time_saved_hours": 0.000208892822265625,
            "time_savings_percentage": 4.528301886792453
        },
        "round_wise_analysis": {
            "round_1": {
                "total_clients": 265,
                "accepted_clients": 253,
                "rejected_clients": 12,
                "acceptance_rate": 0.9547169811320755,
                "communication_mb": 19.818706512451172,
                "potential_communication_mb": 20.758724212646484,
                "round_savings_mb": 0.9400177001953125
            }
        }
    }
}