{
    "round": 9,
    "timestamp": "2026-01-02T21:36:16.315321",
    "total_clients": 100,
    "accepted_clients": 90,
    "rejected_clients": 10,
    "acceptance_rate": 0.9,
    "model_size_mb": 0.07833480834960938,
    "communication_saved_mb": 0.7833480834960938
}