{
    "timestamp": "2026-01-02T17:59:26.643715",
    "client_id": 39,
    "round": 1,
    "accepted": true,
    "communication_type": "full_model",
    "size_bytes": 82140,
    "size_mb": 0.07833480834960938,
    "metrics": {
        "val_accuracy": 0.76489417989418,
        "val_precision": 0.7558528819590766,
        "val_recall": 0.8258354579598103,
        "val_f1": 0.7880882928615627,
        "val_fpr": 0.22324817369301717
    }
}