{
    "timestamp": "2026-01-02T17:56:47.008955",
    "client_id": 19,
    "round": 1,
    "accepted": true,
    "communication_type": "full_model",
    "size_bytes": 82140,
    "size_mb": 0.07833480834960938,
    "metrics": {
        "val_accuracy": 0.7556521739130435,
        "val_precision": 0.750940635451505,
        "val_recall": 0.794197147458017,
        "val_f1": 0.7715337860037236,
        "val_fpr": 0.16882507507507508
    }
}