{
    "timestamp": "2026-01-02T17:57:38.120556",
    "client_id": 99,
    "round": 1,
    "accepted": true,
    "communication_type": "full_model",
    "size_bytes": 82140,
    "size_mb": 0.07833480834960938,
    "metrics": {
        "val_accuracy": 0.7842792792792793,
        "val_precision": 0.7644481485891177,
        "val_recall": 0.845945945945946,
        "val_f1": 0.8015814375526606,
        "val_fpr": 0.20198964736331285
    }
}