{
    "timestamp": "2026-01-02T19:25:12.950849",
    "client_id": 70,
    "round": 1,
    "accepted": true,
    "communication_type": "full_model",
    "size_bytes": 82140,
    "size_mb": 0.07833480834960938,
    "metrics": {
        "val_accuracy": 0.7733333333333333,
        "val_precision": 0.7625570776255708,
        "val_recall": 0.8203799654576857,
        "val_f1": 0.7896440129449838,
        "val_fpr": 0.17485981308411214
    }
}