{
    "timestamp": "2026-01-02T17:59:33.341628",
    "client_id": 50,
    "round": 1,
    "accepted": true,
    "communication_type": "full_model",
    "size_bytes": 82140,
    "size_mb": 0.07833480834960938,
    "metrics": {
        "val_accuracy": 0.7585897435897435,
        "val_precision": 0.7494455994455995,
        "val_recall": 0.8002061590001288,
        "val_f1": 0.773439308118643,
        "val_fpr": 0.16958569643372104
    }
}