{
    "timestamp": "2026-01-02T18:00:07.698887",
    "client_id": 38,
    "round": 1,
    "accepted": true,
    "communication_type": "full_model",
    "size_bytes": 82140,
    "size_mb": 0.07833480834960938,
    "metrics": {
        "val_accuracy": 0.7276719576719577,
        "val_precision": 0.7179459302746973,
        "val_recall": 0.7754612495545138,
        "val_f1": 0.7448887861509221,
        "val_fpr": 0.1887971237992605
    }
}