{
    "timestamp": "2026-01-02T19:26:22.704928",
    "client_id": 64,
    "round": 1,
    "accepted": true,
    "communication_type": "full_model",
    "size_bytes": 82140,
    "size_mb": 0.07833480834960938,
    "metrics": {
        "val_accuracy": 0.7316931216931217,
        "val_precision": 0.7198666376748568,
        "val_recall": 0.7779970940592702,
        "val_f1": 0.7470976524374583,
        "val_fpr": 0.18558986707967792
    }
}