{
    "timestamp": "2026-01-02T19:26:14.389900",
    "client_id": 23,
    "round": 1,
    "accepted": true,
    "communication_type": "full_model",
    "size_bytes": 82140,
    "size_mb": 0.07833480834960938,
    "metrics": {
        "val_accuracy": 0.7518439716312058,
        "val_precision": 0.7521380892782645,
        "val_recall": 0.779864804964539,
        "val_f1": 0.7655813453685794,
        "val_fpr": 0.14720546338193397
    }
}