{
    "timestamp": "2026-01-02T19:25:34.805651",
    "client_id": 84,
    "round": 1,
    "accepted": true,
    "communication_type": "full_model",
    "size_bytes": 82140,
    "size_mb": 0.07833480834960938,
    "metrics": {
        "val_accuracy": 0.7896031746031746,
        "val_precision": 0.7770496577836028,
        "val_recall": 0.8334978205444527,
        "val_f1": 0.8035569458927123,
        "val_fpr": 0.1663021144031285
    }
}