{
    "timestamp": "2026-01-02T17:59:24.493330",
    "client_id": 23,
    "round": 1,
    "accepted": true,
    "communication_type": "full_model",
    "size_bytes": 82140,
    "size_mb": 0.07833480834960938,
    "metrics": {
        "val_accuracy": 0.7628368794326241,
        "val_precision": 0.7489582311991372,
        "val_recall": 0.8059618794326242,
        "val_f1": 0.7757178900275712,
        "val_fpr": 0.16392543859649122
    }
}