{
    "timestamp": "2026-01-02T19:26:45.511436",
    "client_id": 19,
    "round": 1,
    "accepted": true,
    "communication_type": "full_model",
    "size_bytes": 82140,
    "size_mb": 0.07833480834960938,
    "metrics": {
        "val_accuracy": 0.7236594202898551,
        "val_precision": 0.7180183946488294,
        "val_recall": 0.7615165631469979,
        "val_f1": 0.7387265907348592,
        "val_fpr": 0.1718437187187187
    }
}