{
    "timestamp": "2026-01-02T17:58:40.830343",
    "client_id": 68,
    "round": 1,
    "accepted": true,
    "communication_type": "full_model",
    "size_bytes": 82140,
    "size_mb": 0.07833480834960938,
    "metrics": {
        "val_accuracy": 0.7852910052910053,
        "val_precision": 0.7793826324632012,
        "val_recall": 0.8204896235984318,
        "val_f1": 0.799020378228299,
        "val_fpr": 0.14909756218167433
    }
}