{
    "timestamp": "2026-01-02T17:59:23.948061",
    "client_id": 15,
    "round": 1,
    "accepted": true,
    "communication_type": "full_model",
    "size_bytes": 82140,
    "size_mb": 0.07833480834960938,
    "metrics": {
        "val_accuracy": 0.7942955326460481,
        "val_precision": 0.7843881252386407,
        "val_recall": 0.8299758047548917,
        "val_f1": 0.806075467921129,
        "val_fpr": 0.14332120582120583
    }
}