{
    "timestamp": "2026-01-02T17:57:35.924732",
    "client_id": 94,
    "round": 1,
    "accepted": true,
    "communication_type": "full_model",
    "size_bytes": 82140,
    "size_mb": 0.07833480834960938,
    "metrics": {
        "val_accuracy": 0.7694326241134751,
        "val_precision": 0.7633473527956457,
        "val_recall": 0.8143284574468085,
        "val_f1": 0.7873974070782581,
        "val_fpr": 0.18280723905723906
    }
}