{
    "timestamp": "2026-01-02T19:26:34.949085",
    "client_id": 44,
    "round": 1,
    "accepted": true,
    "communication_type": "full_model",
    "size_bytes": 82140,
    "size_mb": 0.07833480834960938,
    "metrics": {
        "val_accuracy": 0.7200891265597148,
        "val_precision": 0.7237209673557348,
        "val_recall": 0.7467732452333623,
        "val_f1": 0.7349530721379461,
        "val_fpr": 0.15966334654643866
    }
}