{
    "timestamp": "2026-01-02T17:58:14.119622",
    "client_id": 66,
    "round": 1,
    "accepted": true,
    "communication_type": "full_model",
    "size_bytes": 82140,
    "size_mb": 0.07833480834960938,
    "metrics": {
        "val_accuracy": 0.7805820105820105,
        "val_precision": 0.7906158515295572,
        "val_recall": 0.7998738931381418,
        "val_f1": 0.7951973951973952,
        "val_fpr": 0.1328776020166661
    }
}