{
    "timestamp": "2026-01-02T18:00:20.206714",
    "client_id": 69,
    "round": 1,
    "accepted": true,
    "communication_type": "full_model",
    "size_bytes": 82140,
    "size_mb": 0.07833480834960938,
    "metrics": {
        "val_accuracy": 0.7381461675579323,
        "val_precision": 0.7240953454353612,
        "val_recall": 0.7943416300361172,
        "val_f1": 0.7565036554806376,
        "val_fpr": 0.20704347001759024
    }
}