{
    "timestamp": "2026-01-02T19:24:38.734490",
    "client_id": 42,
    "round": 1,
    "accepted": true,
    "communication_type": "full_model",
    "size_bytes": 82140,
    "size_mb": 0.07833480834960938,
    "metrics": {
        "val_accuracy": 0.7514438502673797,
        "val_precision": 0.7577650937906957,
        "val_recall": 0.7626480387490551,
        "val_f1": 0.7601938502673796,
        "val_fpr": 0.10766258417318209
    }
}