{
    "timestamp": "2026-01-02T17:59:15.998138",
    "client_id": 76,
    "round": 1,
    "accepted": true,
    "communication_type": "full_model",
    "size_bytes": 82140,
    "size_mb": 0.07833480834960938,
    "metrics": {
        "val_accuracy": 0.7506010928961748,
        "val_precision": 0.739692001987084,
        "val_recall": 0.809324497151494,
        "val_f1": 0.7717775634844102,
        "val_fpr": 0.21642246642246643
    }
}