{
    "timestamp": "2026-01-02T19:26:44.514835",
    "client_id": 97,
    "round": 1,
    "accepted": true,
    "communication_type": "full_model",
    "size_bytes": 82140,
    "size_mb": 0.07833480834960938,
    "metrics": {
        "val_accuracy": 0.7183074265975821,
        "val_precision": 0.7135455218356772,
        "val_recall": 0.7618971701873256,
        "val_f1": 0.7364304039438603,
        "val_fpr": 0.19080323076160746
    }
}