{
    "timestamp": "2026-01-02T19:25:52.112021",
    "client_id": 91,
    "round": 1,
    "accepted": true,
    "communication_type": "full_model",
    "size_bytes": 82140,
    "size_mb": 0.07833480834960938,
    "metrics": {
        "val_accuracy": 0.7215357766143107,
        "val_precision": 0.7144039936685742,
        "val_recall": 0.7594844945630286,
        "val_f1": 0.7358447197037415,
        "val_fpr": 0.16604920946767704
    }
}