{
    "timestamp": "2026-01-02T21:36:30.381636",
    "client_id": 16,
    "round": 1,
    "accepted": true,
    "communication_type": "full_model",
    "size_bytes": 82140,
    "size_mb": 0.07833480834960938,
    "metrics": {
        "val_accuracy": 0.7203124999999999,
        "val_precision": 0.7091391068759343,
        "val_recall": 0.7684417517006803,
        "val_f1": 0.7368797235481304,
        "val_fpr": 0.19330929487179488
    }
}