{
    "timestamp": "2026-01-02T17:57:45.325188",
    "client_id": 32,
    "round": 1,
    "accepted": true,
    "communication_type": "full_model",
    "size_bytes": 82140,
    "size_mb": 0.07833480834960938,
    "metrics": {
        "val_accuracy": 0.7693630017452007,
        "val_precision": 0.759571335078534,
        "val_recall": 0.8223117196939187,
        "val_f1": 0.7887703207587249,
        "val_fpr": 0.19810682893847192
    }
}