{
    "timestamp": "2026-01-02T21:39:18.528283",
    "client_id": 84,
    "round": 1,
    "accepted": true,
    "communication_type": "full_model",
    "size_bytes": 82140,
    "size_mb": 0.07833480834960938,
    "metrics": {
        "val_accuracy": 0.7932275132275133,
        "val_precision": 0.7837701488864279,
        "val_recall": 0.8336074786851989,
        "val_f1": 0.8073451602863368,
        "val_fpr": 0.15919783705532964
    }
}