{
    "timestamp": "2026-01-02T19:27:16.395802",
    "client_id": 34,
    "round": 1,
    "accepted": false,
    "communication_type": "rejected",
    "size_bytes": 0,
    "size_mb": 0.0,
    "metrics": {
        "val_accuracy": 0.7206122448979592,
        "val_precision": 0.7169758812615955,
        "val_recall": 0.7606122448979591,
        "val_f1": 0.7377551020408164,
        "val_fpr": 0.18282868525896415
    }
}