{
    "timestamp": "2026-01-02T17:57:23.298052",
    "client_id": 78,
    "round": 1,
    "accepted": true,
    "communication_type": "full_model",
    "size_bytes": 82140,
    "size_mb": 0.07833480834960938,
    "metrics": {
        "val_accuracy": 0.7548484848484849,
        "val_precision": 0.7428393524283935,
        "val_recall": 0.805092812946216,
        "val_f1": 0.771840354767184,
        "val_fpr": 0.18882108070969567
    }
}