{
    "timestamp": "2026-01-02T19:25:10.126230",
    "client_id": 9,
    "round": 1,
    "accepted": true,
    "communication_type": "full_model",
    "size_bytes": 82140,
    "size_mb": 0.07833480834960938,
    "metrics": {
        "val_accuracy": 0.7554301075268817,
        "val_precision": 0.7448011767092717,
        "val_recall": 0.7932922366717334,
        "val_f1": 0.7677832919768404,
        "val_fpr": 0.1565366972477064
    }
}