{
    "timestamp": "2026-01-02T19:25:55.540548",
    "client_id": 88,
    "round": 1,
    "accepted": true,
    "communication_type": "full_model",
    "size_bytes": 82140,
    "size_mb": 0.07833480834960938,
    "metrics": {
        "val_accuracy": 0.7966666666666666,
        "val_precision": 0.7939244663382594,
        "val_recall": 0.8177892918825561,
        "val_f1": 0.8055555555555556,
        "val_fpr": 0.10809968847352025
    }
}