{
    "timestamp": "2026-01-02T19:25:36.434727",
    "client_id": 54,
    "round": 1,
    "accepted": true,
    "communication_type": "full_model",
    "size_bytes": 82140,
    "size_mb": 0.07833480834960938,
    "metrics": {
        "val_accuracy": 0.6907130124777183,
        "val_precision": 0.6875674725716151,
        "val_recall": 0.73596606657894,
        "val_f1": 0.7104489860750781,
        "val_fpr": 0.1981553493090346
    }
}