{
    "timestamp": "2026-01-02T19:24:19.332131",
    "client_id": 3,
    "round": 1,
    "accepted": false,
    "communication_type": "rejected",
    "size_bytes": 0,
    "size_mb": 0.0,
    "metrics": {
        "val_accuracy": 0.7026241134751773,
        "val_precision": 0.6909574468085107,
        "val_recall": 0.7529366134751774,
        "val_f1": 0.7198409419541417,
        "val_fpr": 0.19541343669250646
    }
}