{
    "timestamp": "2026-01-02T19:27:13.928072",
    "client_id": 79,
    "round": 1,
    "accepted": true,
    "communication_type": "full_model",
    "size_bytes": 82140,
    "size_mb": 0.07833480834960938,
    "metrics": {
        "val_accuracy": 0.754561403508772,
        "val_precision": 0.7564241486068112,
        "val_recall": 0.7795442213781878,
        "val_f1": 0.7676937318169796,
        "val_fpr": 0.1389037653456373
    }
}