{
    "timestamp": "2026-01-02T17:57:47.390745",
    "client_id": 37,
    "round": 1,
    "accepted": true,
    "communication_type": "full_model",
    "size_bytes": 82140,
    "size_mb": 0.07833480834960938,
    "metrics": {
        "val_accuracy": 0.7612820512820513,
        "val_precision": 0.7512820512820513,
        "val_recall": 0.8078984666924365,
        "val_f1": 0.7778543783260765,
        "val_fpr": 0.1841932434449475
    }
}