{
    "timestamp": "2026-01-02T19:27:55.981639",
    "client_id": 41,
    "round": 1,
    "accepted": true,
    "communication_type": "full_model",
    "size_bytes": 82140,
    "size_mb": 0.07833480834960938,
    "metrics": {
        "val_accuracy": 0.7665151515151515,
        "val_precision": 0.7586580086580086,
        "val_recall": 0.8024750118990956,
        "val_f1": 0.779528451598277,
        "val_fpr": 0.15212383300327365
    }
}