{
    "timestamp": "2026-01-02T17:57:58.661888",
    "client_id": 51,
    "round": 1,
    "accepted": true,
    "communication_type": "full_model",
    "size_bytes": 82140,
    "size_mb": 0.07833480834960938,
    "metrics": {
        "val_accuracy": 0.7458199643493761,
        "val_precision": 0.7309100544394662,
        "val_recall": 0.7996332278746816,
        "val_f1": 0.7626924421540573,
        "val_fpr": 0.1910510220505392
    }
}