{
    "timestamp": "2026-01-02T19:24:29.900495",
    "client_id": 12,
    "round": 1,
    "accepted": true,
    "communication_type": "full_model",
    "size_bytes": 82140,
    "size_mb": 0.07833480834960938,
    "metrics": {
        "val_accuracy": 0.7244444444444444,
        "val_precision": 0.709904474610357,
        "val_recall": 0.7725964306275187,
        "val_f1": 0.7391304347826088,
        "val_fpr": 0.1896568805521614
    }
}