{
    "timestamp": "2026-01-02T21:39:57.745478",
    "client_id": 22,
    "round": 1,
    "accepted": true,
    "communication_type": "full_model",
    "size_bytes": 82140,
    "size_mb": 0.07833480834960938,
    "metrics": {
        "val_accuracy": 0.759468085106383,
        "val_precision": 0.7491256193529583,
        "val_recall": 0.808843085106383,
        "val_f1": 0.7770228296319304,
        "val_fpr": 0.1867283950617284
    }
}