{
    "timestamp": "2026-01-02T17:56:44.772070",
    "client_id": 2,
    "round": 1,
    "accepted": true,
    "communication_type": "full_model",
    "size_bytes": 82140,
    "size_mb": 0.07833480834960938,
    "metrics": {
        "val_accuracy": 0.7629824561403509,
        "val_precision": 0.7585587801278899,
        "val_recall": 0.8031199131850244,
        "val_f1": 0.7797471620227039,
        "val_fpr": 0.17046592221794377
    }
}