{
    "timestamp": "2026-01-02T19:26:02.990170",
    "client_id": 76,
    "round": 1,
    "accepted": true,
    "communication_type": "full_model",
    "size_bytes": 82140,
    "size_mb": 0.07833480834960938,
    "metrics": {
        "val_accuracy": 0.729344262295082,
        "val_precision": 0.717374565325385,
        "val_recall": 0.7873939076851528,
        "val_f1": 0.7496383799421408,
        "val_fpr": 0.2174526862026862
    }
}