{
    "timestamp": "2026-01-02T19:25:56.640360",
    "client_id": 33,
    "round": 1,
    "accepted": true,
    "communication_type": "full_model",
    "size_bytes": 82140,
    "size_mb": 0.07833480834960938,
    "metrics": {
        "val_accuracy": 0.7481937172774868,
        "val_precision": 0.7394553995204776,
        "val_recall": 0.7829373070210766,
        "val_f1": 0.7601863823141617,
        "val_fpr": 0.15390583199571964
    }
}