{
    "timestamp": "2026-01-02T19:27:25.937375",
    "client_id": 85,
    "round": 1,
    "accepted": true,
    "communication_type": "full_model",
    "size_bytes": 82140,
    "size_mb": 0.07833480834960938,
    "metrics": {
        "val_accuracy": 0.7286559139784947,
        "val_precision": 0.7121975806451613,
        "val_recall": 0.7850869785509205,
        "val_f1": 0.7457442673921493,
        "val_fpr": 0.20527522935779818
    }
}