{
    "timestamp": "2026-01-02T21:39:43.542112",
    "client_id": 0,
    "round": 1,
    "accepted": true,
    "communication_type": "full_model",
    "size_bytes": 82140,
    "size_mb": 0.07833480834960938,
    "metrics": {
        "val_accuracy": 0.7647872340425532,
        "val_precision": 0.7593646988312855,
        "val_recall": 0.8063497340425532,
        "val_f1": 0.781639085894405,
        "val_fpr": 0.1739766081871345
    }
}