{
    "timestamp": "2026-01-02T17:56:55.691490",
    "client_id": 29,
    "round": 1,
    "accepted": true,
    "communication_type": "full_model",
    "size_bytes": 82140,
    "size_mb": 0.07833480834960938,
    "metrics": {
        "val_accuracy": 0.7706010928961748,
        "val_precision": 0.7565270188221007,
        "val_recall": 0.8199627950238344,
        "val_f1": 0.7860466374506303,
        "val_fpr": 0.17481590574374078
    }
}