{
    "timestamp": "2026-01-02T21:38:47.429066",
    "client_id": 2,
    "round": 1,
    "accepted": true,
    "communication_type": "full_model",
    "size_bytes": 82140,
    "size_mb": 0.07833480834960938,
    "metrics": {
        "val_accuracy": 0.7474561403508772,
        "val_precision": 0.7453669384729429,
        "val_recall": 0.787438958220293,
        "val_f1": 0.7654209233156601,
        "val_fpr": 0.17722371967654987
    }
}