{
    "timestamp": "2026-01-02T21:37:58.332232",
    "client_id": 54,
    "round": 1,
    "accepted": true,
    "communication_type": "full_model",
    "size_bytes": 82140,
    "size_mb": 0.07833480834960938,
    "metrics": {
        "val_accuracy": 0.734812834224599,
        "val_precision": 0.7365201512977697,
        "val_recall": 0.7681636195649131,
        "val_f1": 0.7517825311942958,
        "val_fpr": 0.16384288879594944
    }
}