{
    "timestamp": "2026-01-02T17:58:06.521071",
    "client_id": 72,
    "round": 1,
    "accepted": true,
    "communication_type": "full_model",
    "size_bytes": 82140,
    "size_mb": 0.07833480834960938,
    "metrics": {
        "val_accuracy": 0.7605855855855856,
        "val_precision": 0.7598056184263081,
        "val_recall": 0.7899715504978664,
        "val_f1": 0.7743896568324049,
        "val_fpr": 0.14409613375130614
    }
}