{
    "timestamp": "2026-01-02T19:25:46.586861",
    "client_id": 62,
    "round": 1,
    "accepted": true,
    "communication_type": "full_model",
    "size_bytes": 82140,
    "size_mb": 0.07833480834960938,
    "metrics": {
        "val_accuracy": 0.7545238095238096,
        "val_precision": 0.7413419913419914,
        "val_recall": 0.8017517887984209,
        "val_f1": 0.7695722356739305,
        "val_fpr": 0.17703440821128955
    }
}