{
    "timestamp": "2026-01-02T19:26:16.373524",
    "client_id": 48,
    "round": 1,
    "accepted": true,
    "communication_type": "full_model",
    "size_bytes": 82140,
    "size_mb": 0.07833480834960938,
    "metrics": {
        "val_accuracy": 0.7370833333333333,
        "val_precision": 0.723480713245997,
        "val_recall": 0.7944302721088435,
        "val_f1": 0.7562009803921568,
        "val_fpr": 0.21402519893899202
    }
}