{
    "timestamp": "2026-01-02T17:57:06.284952",
    "client_id": 46,
    "round": 1,
    "accepted": true,
    "communication_type": "full_model",
    "size_bytes": 82140,
    "size_mb": 0.07833480834960938,
    "metrics": {
        "val_accuracy": 0.7820270270270271,
        "val_precision": 0.7720031035820509,
        "val_recall": 0.8165007112375533,
        "val_f1": 0.7931924405608617,
        "val_fpr": 0.1411168831168831
    }
}