{
    "timestamp": "2026-01-02T19:27:32.997836",
    "client_id": 78,
    "round": 1,
    "accepted": true,
    "communication_type": "full_model",
    "size_bytes": 82140,
    "size_mb": 0.07833480834960938,
    "metrics": {
        "val_accuracy": 0.7474866310160428,
        "val_precision": 0.7312534471595405,
        "val_recall": 0.8022510289218019,
        "val_f1": 0.7640083701464775,
        "val_fpr": 0.1956108798448046
    }
}