{
    "timestamp": "2026-01-02T19:26:44.881219",
    "client_id": 38,
    "round": 1,
    "accepted": true,
    "communication_type": "full_model",
    "size_bytes": 82140,
    "size_mb": 0.07833480834960938,
    "metrics": {
        "val_accuracy": 0.6903439153439153,
        "val_precision": 0.6766051766051766,
        "val_recall": 0.74090522795186,
        "val_f1": 0.7065085739784535,
        "val_fpr": 0.19674941008156666
    }
}