{
    "timestamp": "2026-01-02T17:59:14.123324",
    "client_id": 91,
    "round": 1,
    "accepted": true,
    "communication_type": "full_model",
    "size_bytes": 82140,
    "size_mb": 0.07833480834960938,
    "metrics": {
        "val_accuracy": 0.7491448516579406,
        "val_precision": 0.7399975648362352,
        "val_recall": 0.7855551080681971,
        "val_f1": 0.7616651768611927,
        "val_fpr": 0.15259612685938814
    }
}