{
    "timestamp": "2026-01-02T21:38:59.193368",
    "client_id": 36,
    "round": 1,
    "accepted": true,
    "communication_type": "full_model",
    "size_bytes": 82140,
    "size_mb": 0.07833480834960938,
    "metrics": {
        "val_accuracy": 0.7618468468468469,
        "val_precision": 0.7519021391059306,
        "val_recall": 0.8003556187766714,
        "val_f1": 0.7748601469299723,
        "val_fpr": 0.15944976076555023
    }
}