{
    "timestamp": "2026-01-02T19:27:45.806601",
    "client_id": 99,
    "round": 1,
    "accepted": true,
    "communication_type": "full_model",
    "size_bytes": 82140,
    "size_mb": 0.07833480834960938,
    "metrics": {
        "val_accuracy": 0.7474774774774775,
        "val_precision": 0.730453667953668,
        "val_recall": 0.8055476529160739,
        "val_f1": 0.7649170910040475,
        "val_fpr": 0.2051547503504799
    }
}