{
    "timestamp": "2026-01-02T19:24:51.675547",
    "client_id": 68,
    "round": 1,
    "accepted": true,
    "communication_type": "full_model",
    "size_bytes": 82140,
    "size_mb": 0.07833480834960938,
    "metrics": {
        "val_accuracy": 0.7536507936507937,
        "val_precision": 0.7420076011625307,
        "val_recall": 0.7884694465005346,
        "val_f1": 0.7640941434044883,
        "val_fpr": 0.14407357958759828
    }
}