{
    "timestamp": "2026-01-02T21:39:07.276392",
    "client_id": 82,
    "round": 1,
    "accepted": true,
    "communication_type": "full_model",
    "size_bytes": 82140,
    "size_mb": 0.07833480834960938,
    "metrics": {
        "val_accuracy": 0.7485449735449735,
        "val_precision": 0.7414577461306433,
        "val_recall": 0.7887435918524002,
        "val_f1": 0.7638807638807639,
        "val_fpr": 0.1669083151712164
    }
}