{
    "timestamp": "2026-01-02T18:00:21.269745",
    "client_id": 62,
    "round": 1,
    "accepted": true,
    "communication_type": "full_model",
    "size_bytes": 82140,
    "size_mb": 0.07833480834960938,
    "metrics": {
        "val_accuracy": 0.7822486772486772,
        "val_precision": 0.7744708994708995,
        "val_recall": 0.8257806288894372,
        "val_f1": 0.7986830700767131,
        "val_fpr": 0.17038138876400194
    }
}