{
    "timestamp": "2026-01-02T17:59:42.412075",
    "client_id": 33,
    "round": 1,
    "accepted": true,
    "communication_type": "full_model",
    "size_bytes": 82140,
    "size_mb": 0.07833480834960938,
    "metrics": {
        "val_accuracy": 0.7665183246073299,
        "val_precision": 0.7596315321544997,
        "val_recall": 0.7986978117868171,
        "val_f1": 0.7783487914377967,
        "val_fpr": 0.14521134296415195
    }
}