{
    "timestamp": "2026-01-02T18:00:15.927917",
    "client_id": 20,
    "round": 1,
    "accepted": true,
    "communication_type": "full_model",
    "size_bytes": 82140,
    "size_mb": 0.07833480834960938,
    "metrics": {
        "val_accuracy": 0.7326923076923078,
        "val_precision": 0.7267399267399268,
        "val_recall": 0.7782805429864253,
        "val_f1": 0.7510172447200155,
        "val_fpr": 0.18713010890335988
    }
}