{
    "timestamp": "2026-01-02T18:00:26.509548",
    "client_id": 63,
    "round": 1,
    "accepted": true,
    "communication_type": "full_model",
    "size_bytes": 82140,
    "size_mb": 0.07833480834960938,
    "metrics": {
        "val_accuracy": 0.7504421768707483,
        "val_precision": 0.74140708915145,
        "val_recall": 0.8012755102040816,
        "val_f1": 0.7693829868395956,
        "val_fpr": 0.2041630901287554
    }
}