{
    "timestamp": "2026-01-02T21:36:39.333307",
    "client_id": 29,
    "round": 1,
    "accepted": true,
    "communication_type": "full_model",
    "size_bytes": 82140,
    "size_mb": 0.07833480834960938,
    "metrics": {
        "val_accuracy": 0.7564754098360655,
        "val_precision": 0.7434002924651736,
        "val_recall": 0.8008371119637252,
        "val_f1": 0.7703282776664896,
        "val_fpr": 0.1650312960235641
    }
}