{
    "timestamp": "2026-01-02T19:26:43.046794",
    "client_id": 22,
    "round": 1,
    "accepted": true,
    "communication_type": "full_model",
    "size_bytes": 82140,
    "size_mb": 0.07833480834960938,
    "metrics": {
        "val_accuracy": 0.7268794326241135,
        "val_precision": 0.7129905437352246,
        "val_recall": 0.7847960992907801,
        "val_f1": 0.7460520944946172,
        "val_fpr": 0.2109053497942387
    }
}