{
    "timestamp": "2026-01-02T17:59:07.757410",
    "client_id": 97,
    "round": 1,
    "accepted": true,
    "communication_type": "full_model",
    "size_bytes": 82140,
    "size_mb": 0.07833480834960938,
    "metrics": {
        "val_accuracy": 0.7364421416234888,
        "val_precision": 0.7333413664296904,
        "val_recall": 0.7774677826491299,
        "val_f1": 0.7543283204852774,
        "val_fpr": 0.1823992864575591
    }
}