{
    "timestamp": "2026-01-02T19:28:02.981752",
    "client_id": 24,
    "round": 1,
    "accepted": true,
    "communication_type": "full_model",
    "size_bytes": 82140,
    "size_mb": 0.07833480834960938,
    "metrics": {
        "val_accuracy": 0.7303264604810996,
        "val_precision": 0.7258690961400144,
        "val_recall": 0.7682516305491268,
        "val_f1": 0.7460807183886422,
        "val_fpr": 0.1697687059529165
    }
}