{
    "timestamp": "2026-01-02T17:59:03.115827",
    "client_id": 14,
    "round": 1,
    "accepted": true,
    "communication_type": "full_model",
    "size_bytes": 82140,
    "size_mb": 0.07833480834960938,
    "metrics": {
        "val_accuracy": 0.7339092495636999,
        "val_precision": 0.7277852185559479,
        "val_recall": 0.7726271982816486,
        "val_f1": 0.7491125015962201,
        "val_fpr": 0.17190837331682401
    }
}