{
    "timestamp": "2026-01-02T17:59:27.137777",
    "client_id": 48,
    "round": 1,
    "accepted": true,
    "communication_type": "full_model",
    "size_bytes": 82140,
    "size_mb": 0.07833480834960938,
    "metrics": {
        "val_accuracy": 0.7629166666666667,
        "val_precision": 0.7468297101449275,
        "val_recall": 0.8203656462585034,
        "val_f1": 0.7806631455399061,
        "val_fpr": 0.20490716180371354
    }
}