{
    "timestamp": "2026-01-02T19:25:02.484123",
    "client_id": 86,
    "round": 1,
    "accepted": true,
    "communication_type": "full_model",
    "size_bytes": 82140,
    "size_mb": 0.07833480834960938,
    "metrics": {
        "val_accuracy": 0.7480701754385964,
        "val_precision": 0.7351038145823274,
        "val_recall": 0.7895822029300055,
        "val_f1": 0.7607562595809914,
        "val_fpr": 0.16110304789550073
    }
}