{
    "timestamp": "2026-01-02T19:24:49.338311",
    "client_id": 63,
    "round": 1,
    "accepted": true,
    "communication_type": "full_model",
    "size_bytes": 82140,
    "size_mb": 0.07833480834960938,
    "metrics": {
        "val_accuracy": 0.7283673469387755,
        "val_precision": 0.7254940437713547,
        "val_recall": 0.7708673469387755,
        "val_f1": 0.7470490571525522,
        "val_fpr": 0.19345493562231758
    }
}