{
    "timestamp": "2026-01-02T17:58:37.205441",
    "client_id": 85,
    "round": 1,
    "accepted": true,
    "communication_type": "full_model",
    "size_bytes": 82140,
    "size_mb": 0.07833480834960938,
    "metrics": {
        "val_accuracy": 0.7468279569892473,
        "val_precision": 0.7314708141321045,
        "val_recall": 0.8039745538478861,
        "val_f1": 0.7648400051820184,
        "val_fpr": 0.20527522935779818
    }
}