{
    "timestamp": "2026-01-02T17:58:34.386965",
    "client_id": 79,
    "round": 1,
    "accepted": true,
    "communication_type": "full_model",
    "size_bytes": 82140,
    "size_mb": 0.07833480834960938,
    "metrics": {
        "val_accuracy": 0.7667543859649122,
        "val_precision": 0.7615490147168871,
        "val_recall": 0.8003798155181769,
        "val_f1": 0.7801494476933073,
        "val_fpr": 0.1508713026283266
    }
}