{
    "timestamp": "2026-01-02T17:58:01.089957",
    "client_id": 71,
    "round": 1,
    "accepted": true,
    "communication_type": "full_model",
    "size_bytes": 82140,
    "size_mb": 0.07833480834960938,
    "metrics": {
        "val_accuracy": 0.7649122807017543,
        "val_precision": 0.7631827209533266,
        "val_recall": 0.8032284319045035,
        "val_f1": 0.7823178636245787,
        "val_fpr": 0.17040589820833993
    }
}