{
    "timestamp": "2026-01-02T19:27:20.181734",
    "client_id": 80,
    "round": 1,
    "accepted": true,
    "communication_type": "full_model",
    "size_bytes": 82140,
    "size_mb": 0.07833480834960938,
    "metrics": {
        "val_accuracy": 0.7602631578947369,
        "val_precision": 0.7494492044063648,
        "val_recall": 0.7975311991318503,
        "val_f1": 0.7722558229314117,
        "val_fpr": 0.15487421383647798
    }
}