{
    "timestamp": "2026-01-02T17:57:52.471779",
    "client_id": 89,
    "round": 1,
    "accepted": true,
    "communication_type": "full_model",
    "size_bytes": 82140,
    "size_mb": 0.07833480834960938,
    "metrics": {
        "val_accuracy": 0.7525222816399286,
        "val_precision": 0.7413101604278075,
        "val_recall": 0.8051488086905395,
        "val_f1": 0.7709772694744785,
        "val_fpr": 0.19618875658793677
    }
}