{
    "timestamp": "2026-01-02T19:26:54.292232",
    "client_id": 96,
    "round": 1,
    "accepted": true,
    "communication_type": "full_model",
    "size_bytes": 82140,
    "size_mb": 0.07833480834960938,
    "metrics": {
        "val_accuracy": 0.7480208333333334,
        "val_precision": 0.7354910714285714,
        "val_recall": 0.7970344387755102,
        "val_f1": 0.7642113095238094,
        "val_fpr": 0.1908911401098901
    }
}