{
    "timestamp": "2026-01-02T17:58:44.422503",
    "client_id": 3,
    "round": 1,
    "accepted": true,
    "communication_type": "full_model",
    "size_bytes": 82140,
    "size_mb": 0.07833480834960938,
    "metrics": {
        "val_accuracy": 0.7581560283687943,
        "val_precision": 0.747364937738994,
        "val_recall": 0.8034685283687943,
        "val_f1": 0.773702075638558,
        "val_fpr": 0.17231912144702843
    }
}