{
    "timestamp": "2026-01-02T19:24:30.846525",
    "client_id": 29,
    "round": 1,
    "accepted": true,
    "communication_type": "full_model",
    "size_bytes": 82140,
    "size_mb": 0.07833480834960938,
    "metrics": {
        "val_accuracy": 0.7192896174863388,
        "val_precision": 0.7058628262090803,
        "val_recall": 0.7653179862806649,
        "val_f1": 0.733667726939075,
        "val_fpr": 0.17619661266568482
    }
}