{
    "timestamp": "2026-01-02T19:25:40.929440",
    "client_id": 51,
    "round": 1,
    "accepted": true,
    "communication_type": "full_model",
    "size_bytes": 82140,
    "size_mb": 0.07833480834960938,
    "metrics": {
        "val_accuracy": 0.7331105169340464,
        "val_precision": 0.7155509931245225,
        "val_recall": 0.7888260492202592,
        "val_f1": 0.7492751755685845,
        "val_fpr": 0.19397499865872633
    }
}