{
    "timestamp": "2026-01-02T19:26:54.195997",
    "client_id": 83,
    "round": 1,
    "accepted": true,
    "communication_type": "full_model",
    "size_bytes": 82140,
    "size_mb": 0.07833480834960938,
    "metrics": {
        "val_accuracy": 0.7473655913978494,
        "val_precision": 0.7404104631927213,
        "val_recall": 0.7799921184484603,
        "val_f1": 0.759358072600857,
        "val_fpr": 0.14810548401694984
    }
}