{
    "timestamp": "2026-01-02T18:00:08.252342",
    "client_id": 49,
    "round": 1,
    "accepted": true,
    "communication_type": "full_model",
    "size_bytes": 82140,
    "size_mb": 0.07833480834960938,
    "metrics": {
        "val_accuracy": 0.7305311355311355,
        "val_precision": 0.7321978021978022,
        "val_recall": 0.7620908503261444,
        "val_f1": 0.7466422466422467,
        "val_fpr": 0.16211036581928864
    }
}