{
    "timestamp": "2026-01-02T17:57:57.949611",
    "client_id": 58,
    "round": 1,
    "accepted": true,
    "communication_type": "full_model",
    "size_bytes": 82140,
    "size_mb": 0.07833480834960938,
    "metrics": {
        "val_accuracy": 0.7441441441441441,
        "val_precision": 0.7446343402225755,
        "val_recall": 0.7766002844950213,
        "val_f1": 0.7600493894910139,
        "val_fpr": 0.16028092079594225
    }
}