{
    "timestamp": "2026-01-02T19:27:16.741165",
    "client_id": 56,
    "round": 1,
    "accepted": false,
    "communication_type": "rejected",
    "size_bytes": 0,
    "size_mb": 0.0,
    "metrics": {
        "val_accuracy": 0.7261538461538461,
        "val_precision": 0.7167069104288835,
        "val_recall": 0.7694369282308982,
        "val_f1": 0.7415724875440515,
        "val_fpr": 0.18465240528335491
    }
}