{
    "timestamp": "2026-01-02T19:27:02.349380",
    "client_id": 92,
    "round": 1,
    "accepted": true,
    "communication_type": "full_model",
    "size_bytes": 82140,
    "size_mb": 0.07833480834960938,
    "metrics": {
        "val_accuracy": 0.7190942028985507,
        "val_precision": 0.7022652943439784,
        "val_recall": 0.7828243616287094,
        "val_f1": 0.7389536406495547,
        "val_fpr": 0.2220280062671367
    }
}