{
    "timestamp": "2026-01-02T19:27:40.602348",
    "client_id": 20,
    "round": 1,
    "accepted": true,
    "communication_type": "full_model",
    "size_bytes": 82140,
    "size_mb": 0.07833480834960938,
    "metrics": {
        "val_accuracy": 0.7405311355311355,
        "val_precision": 0.7242161508216554,
        "val_recall": 0.7941764118234707,
        "val_f1": 0.7565187898521232,
        "val_fpr": 0.18817832693270997
    }
}