{
    "timestamp": "2026-01-02T17:57:28.965705",
    "client_id": 90,
    "round": 1,
    "accepted": true,
    "communication_type": "full_model",
    "size_bytes": 82140,
    "size_mb": 0.07833480834960938,
    "metrics": {
        "val_accuracy": 0.7839153439153439,
        "val_precision": 0.7731390882075813,
        "val_recall": 0.8309619760396962,
        "val_f1": 0.8002260235269943,
        "val_fpr": 0.1771708755156565
    }
}