{
    "timestamp": "2026-01-02T19:25:16.875886",
    "client_id": 15,
    "round": 1,
    "accepted": true,
    "communication_type": "full_model",
    "size_bytes": 82140,
    "size_mb": 0.07833480834960938,
    "metrics": {
        "val_accuracy": 0.7573024054982818,
        "val_precision": 0.7459736804598793,
        "val_recall": 0.7938670313486219,
        "val_f1": 0.7687027283392827,
        "val_fpr": 0.15111746361746362
    }
}