{
    "timestamp": "2026-01-02T17:58:16.592665",
    "client_id": 9,
    "round": 1,
    "accepted": true,
    "communication_type": "full_model",
    "size_bytes": 82140,
    "size_mb": 0.07833480834960938,
    "metrics": {
        "val_accuracy": 0.7568279569892473,
        "val_precision": 0.7481487117062284,
        "val_recall": 0.7961211507065248,
        "val_f1": 0.770885028949545,
        "val_fpr": 0.16257002516846636
    }
}