{
    "timestamp": "2026-01-02T21:38:18.971391",
    "client_id": 15,
    "round": 1,
    "accepted": true,
    "communication_type": "full_model",
    "size_bytes": 82140,
    "size_mb": 0.07833480834960938,
    "metrics": {
        "val_accuracy": 0.7789862542955326,
        "val_precision": 0.7715056341404939,
        "val_recall": 0.8145644855880496,
        "val_f1": 0.792039782276068,
        "val_fpr": 0.1502079002079002
    }
}