{
    "timestamp": "2026-01-02T19:27:47.348231",
    "client_id": 57,
    "round": 1,
    "accepted": false,
    "communication_type": "rejected",
    "size_bytes": 0,
    "size_mb": 0.0,
    "metrics": {
        "val_accuracy": 0.7071171171171171,
        "val_precision": 0.6959459459459459,
        "val_recall": 0.7653627311522049,
        "val_f1": 0.7279585410653372,
        "val_fpr": 0.21618323310930315
    }
}