{
    "timestamp": "2026-01-02T19:24:21.223055",
    "client_id": 5,
    "round": 1,
    "accepted": true,
    "communication_type": "full_model",
    "size_bytes": 82140,
    "size_mb": 0.07833480834960938,
    "metrics": {
        "val_accuracy": 0.7377985739750446,
        "val_precision": 0.7228886640651346,
        "val_recall": 0.79161183750035,
        "val_f1": 0.7546710517797257,
        "val_fpr": 0.19877152193037578
    }
}