{
    "timestamp": "2026-01-02T21:38:12.161690",
    "client_id": 68,
    "round": 1,
    "accepted": true,
    "communication_type": "full_model",
    "size_bytes": 82140,
    "size_mb": 0.07833480834960938,
    "metrics": {
        "val_accuracy": 0.7772486772486773,
        "val_precision": 0.7880777804635672,
        "val_recall": 0.7972832195630123,
        "val_f1": 0.7926332926332926,
        "val_fpr": 0.13402066953468822
    }
}