{
    "timestamp": "2026-01-02T17:59:34.019193",
    "client_id": 88,
    "round": 1,
    "accepted": true,
    "communication_type": "full_model",
    "size_bytes": 82140,
    "size_mb": 0.07833480834960938,
    "metrics": {
        "val_accuracy": 0.7926455026455026,
        "val_precision": 0.7916438606093779,
        "val_recall": 0.8152534473777997,
        "val_f1": 0.8031505531505532,
        "val_fpr": 0.11691638233694307
    }
}