{
    "timestamp": "2026-01-02T17:56:54.396378",
    "client_id": 24,
    "round": 1,
    "accepted": false,
    "communication_type": "rejected",
    "size_bytes": 0,
    "size_mb": 0.0,
    "metrics": {
        "val_accuracy": 0.7448797250859107,
        "val_precision": 0.7373262082663388,
        "val_recall": 0.7862402693035977,
        "val_f1": 0.7604835898202101,
        "val_fpr": 0.17213975108711949
    }
}