{
    "timestamp": "2026-01-02T17:58:29.144438",
    "client_id": 77,
    "round": 1,
    "accepted": true,
    "communication_type": "full_model",
    "size_bytes": 82140,
    "size_mb": 0.07833480834960938,
    "metrics": {
        "val_accuracy": 0.7521693121693122,
        "val_precision": 0.7464416126387957,
        "val_recall": 0.7914439235682759,
        "val_f1": 0.767834336799854,
        "val_fpr": 0.16959658001061093
    }
}