{
    "timestamp": "2026-01-02T21:37:45.374009",
    "client_id": 20,
    "round": 1,
    "accepted": false,
    "communication_type": "rejected",
    "size_bytes": 0,
    "size_mb": 0.0,
    "metrics": {
        "val_accuracy": 0.736025641025641,
        "val_precision": 0.7275036284470247,
        "val_recall": 0.7836281365693131,
        "val_f1": 0.7538075959128591,
        "val_fpr": 0.18713010890335988
    }
}