{
    "timestamp": "2026-01-02T17:57:13.210415",
    "client_id": 61,
    "round": 1,
    "accepted": true,
    "communication_type": "full_model",
    "size_bytes": 82140,
    "size_mb": 0.07833480834960938,
    "metrics": {
        "val_accuracy": 0.7818421052631579,
        "val_precision": 0.7758092414133926,
        "val_recall": 0.8188008681497558,
        "val_f1": 0.7963015647226173,
        "val_fpr": 0.1577093827371297
    }
}