{
    "timestamp": "2026-01-02T17:59:46.995803",
    "client_id": 47,
    "round": 1,
    "accepted": true,
    "communication_type": "full_model",
    "size_bytes": 82140,
    "size_mb": 0.07833480834960938,
    "metrics": {
        "val_accuracy": 0.7543955094991365,
        "val_precision": 0.7424014618800888,
        "val_recall": 0.8058057659093929,
        "val_f1": 0.7719094315357315,
        "val_fpr": 0.1928931089051935
    }
}