{
    "timestamp": "2026-01-02T17:58:20.422885",
    "client_id": 25,
    "round": 1,
    "accepted": true,
    "communication_type": "full_model",
    "size_bytes": 82140,
    "size_mb": 0.07833480834960938,
    "metrics": {
        "val_accuracy": 0.7793971631205674,
        "val_precision": 0.7637275852457494,
        "val_recall": 0.843251329787234,
        "val_f1": 0.7999949461767828,
        "val_fpr": 0.2180490349504434
    }
}