{
    "timestamp": "2026-01-02T19:24:44.713350",
    "client_id": 53,
    "round": 1,
    "accepted": true,
    "communication_type": "full_model",
    "size_bytes": 82140,
    "size_mb": 0.07833480834960938,
    "metrics": {
        "val_accuracy": 0.7400366300366301,
        "val_precision": 0.721360830949872,
        "val_recall": 0.7940294999118529,
        "val_f1": 0.7548313755210307,
        "val_fpr": 0.1866770397743849
    }
}