{
    "timestamp": "2026-01-02T18:00:26.503524",
    "client_id": 95,
    "round": 1,
    "accepted": true,
    "communication_type": "full_model",
    "size_bytes": 82140,
    "size_mb": 0.07833480834960938,
    "metrics": {
        "val_accuracy": 0.7839784946236559,
        "val_precision": 0.7756212378453464,
        "val_recall": 0.8175561560547204,
        "val_f1": 0.7956451612903226,
        "val_fpr": 0.14162844036697247
    }
}