{
    "timestamp": "2026-01-02T19:27:54.420082",
    "client_id": 95,
    "round": 1,
    "accepted": true,
    "communication_type": "full_model",
    "size_bytes": 82140,
    "size_mb": 0.07833480834960938,
    "metrics": {
        "val_accuracy": 0.7537634408602151,
        "val_precision": 0.7409727431857964,
        "val_recall": 0.7959100377188538,
        "val_f1": 0.7668176280523333,
        "val_fpr": 0.16571100917431192
    }
}