{
    "timestamp": "2026-01-02T17:57:03.856720",
    "client_id": 44,
    "round": 1,
    "accepted": true,
    "communication_type": "full_model",
    "size_bytes": 82140,
    "size_mb": 0.07833480834960938,
    "metrics": {
        "val_accuracy": 0.7641889483065953,
        "val_precision": 0.7604691415433104,
        "val_recall": 0.7972954055491783,
        "val_f1": 0.7781420471340661,
        "val_fpr": 0.15568257105319305
    }
}