{
    "timestamp": "2026-01-02T19:24:21.171129",
    "client_id": 7,
    "round": 1,
    "accepted": true,
    "communication_type": "full_model",
    "size_bytes": 82140,
    "size_mb": 0.07833480834960938,
    "metrics": {
        "val_accuracy": 0.7075268817204301,
        "val_precision": 0.6950080280251059,
        "val_recall": 0.7611045431514947,
        "val_f1": 0.7256498590667084,
        "val_fpr": 0.21055045871559636
    }
}