{
    "timestamp": "2026-01-02T17:59:02.492600",
    "client_id": 28,
    "round": 1,
    "accepted": true,
    "communication_type": "full_model",
    "size_bytes": 82140,
    "size_mb": 0.07833480834960938,
    "metrics": {
        "val_accuracy": 0.7826041666666667,
        "val_precision": 0.7757523148148149,
        "val_recall": 0.8206313775510203,
        "val_f1": 0.7971025485436893,
        "val_fpr": 0.1578125
    }
}