{
    "timestamp": "2026-01-02T19:27:04.655323",
    "client_id": 32,
    "round": 1,
    "accepted": true,
    "communication_type": "full_model",
    "size_bytes": 82140,
    "size_mb": 0.07833480834960938,
    "metrics": {
        "val_accuracy": 0.7353315881326352,
        "val_precision": 0.727088344889392,
        "val_recall": 0.7857162035172507,
        "val_f1": 0.7545042500031389,
        "val_fpr": 0.19993721626581668
    }
}