{
    "timestamp": "2026-01-02T17:56:46.626192",
    "client_id": 17,
    "round": 1,
    "accepted": false,
    "communication_type": "rejected",
    "size_bytes": 0,
    "size_mb": 0.0,
    "metrics": {
        "val_accuracy": 0.7588413547237076,
        "val_precision": 0.7447317656826118,
        "val_recall": 0.8076546182490131,
        "val_f1": 0.7740446067562279,
        "val_fpr": 0.17769566202287915
    }
}