{
    "timestamp": "2026-01-02T17:57:22.867748",
    "client_id": 73,
    "round": 1,
    "accepted": true,
    "communication_type": "full_model",
    "size_bytes": 82140,
    "size_mb": 0.07833480834960938,
    "metrics": {
        "val_accuracy": 0.7735087719298246,
        "val_precision": 0.7708043694141014,
        "val_recall": 0.8110689093868693,
        "val_f1": 0.7900440757065077,
        "val_fpr": 0.16364369980401952
    }
}