{
    "timestamp": "2026-01-02T19:26:05.823038",
    "client_id": 67,
    "round": 1,
    "accepted": true,
    "communication_type": "full_model",
    "size_bytes": 82140,
    "size_mb": 0.07833480834960938,
    "metrics": {
        "val_accuracy": 0.7177777777777778,
        "val_precision": 0.7120500782472614,
        "val_recall": 0.7570523891767416,
        "val_f1": 0.7334428024083197,
        "val_fpr": 0.17142083164025462
    }
}