{
    "timestamp": "2026-01-02T19:25:02.073364",
    "client_id": 82,
    "round": 1,
    "accepted": true,
    "communication_type": "full_model",
    "size_bytes": 82140,
    "size_mb": 0.07833480834960938,
    "metrics": {
        "val_accuracy": 0.7078835978835979,
        "val_precision": 0.6977299880525687,
        "val_recall": 0.7515968966746169,
        "val_f1": 0.7230868499161183,
        "val_fpr": 0.1809221819568949
    }
}