{
    "timestamp": "2026-01-02T19:24:32.506171",
    "client_id": 26,
    "round": 1,
    "accepted": true,
    "communication_type": "full_model",
    "size_bytes": 82140,
    "size_mb": 0.07833480834960938,
    "metrics": {
        "val_accuracy": 0.7455263157894737,
        "val_precision": 0.7312311616044517,
        "val_recall": 0.8027943570265872,
        "val_f1": 0.7642080260032504,
        "val_fpr": 0.21206484188147753
    }
}