{
    "timestamp": "2026-01-02T17:58:18.785640",
    "client_id": 70,
    "round": 1,
    "accepted": true,
    "communication_type": "full_model",
    "size_bytes": 82140,
    "size_mb": 0.07833480834960938,
    "metrics": {
        "val_accuracy": 0.7779365079365079,
        "val_precision": 0.765036657413339,
        "val_recall": 0.8309071469693232,
        "val_f1": 0.7955967643467644,
        "val_fpr": 0.18744993324432577
    }
}