{
    "timestamp": "2026-01-02T19:25:19.383341",
    "client_id": 37,
    "round": 1,
    "accepted": true,
    "communication_type": "full_model",
    "size_bytes": 82140,
    "size_mb": 0.07833480834960938,
    "metrics": {
        "val_accuracy": 0.7434615384615385,
        "val_precision": 0.7392191142191142,
        "val_recall": 0.7850277026156424,
        "val_f1": 0.7609754604981336,
        "val_fpr": 0.1817553112095129
    }
}