{
    "timestamp": "2026-01-02T19:24:54.284072",
    "client_id": 69,
    "round": 1,
    "accepted": true,
    "communication_type": "full_model",
    "size_bytes": 82140,
    "size_mb": 0.07833480834960938,
    "metrics": {
        "val_accuracy": 0.7080748663101604,
        "val_precision": 0.6921717826097199,
        "val_recall": 0.7702214631687991,
        "val_f1": 0.7278356318603996,
        "val_fpr": 0.22654546603608633
    }
}