{
    "timestamp": "2026-01-02T19:27:35.720378",
    "client_id": 14,
    "round": 1,
    "accepted": true,
    "communication_type": "full_model",
    "size_bytes": 82140,
    "size_mb": 0.07833480834960938,
    "metrics": {
        "val_accuracy": 0.7117801047120419,
        "val_precision": 0.7018722706106594,
        "val_recall": 0.7515236944556316,
        "val_f1": 0.7253723377217507,
        "val_fpr": 0.17310529845741113
    }
}