{
    "timestamp": "2026-01-02T19:24:39.151827",
    "client_id": 45,
    "round": 1,
    "accepted": false,
    "communication_type": "rejected",
    "size_bytes": 0,
    "size_mb": 0.0,
    "metrics": {
        "val_accuracy": 0.7257608695652173,
        "val_precision": 0.7143719806763285,
        "val_recall": 0.7748878536922015,
        "val_f1": 0.7426127214170692,
        "val_fpr": 0.1894325469537334
    }
}