{
    "timestamp": "2026-01-02T19:27:31.176504",
    "client_id": 90,
    "round": 1,
    "accepted": true,
    "communication_type": "full_model",
    "size_bytes": 82140,
    "size_mb": 0.07833480834960938,
    "metrics": {
        "val_accuracy": 0.7581481481481482,
        "val_precision": 0.7463216641298833,
        "val_recall": 0.8044521205142967,
        "val_f1": 0.7735526788924847,
        "val_fpr": 0.17852207470493697
    }
}