{
    "timestamp": "2026-01-02T17:59:39.270944",
    "client_id": 35,
    "round": 1,
    "accepted": false,
    "communication_type": "rejected",
    "size_bytes": 0,
    "size_mb": 0.0,
    "metrics": {
        "val_accuracy": 0.7260558464223386,
        "val_precision": 0.72168964923924,
        "val_recall": 0.7622096925761848,
        "val_f1": 0.7410558464223386,
        "val_fpr": 0.16333333333333333
    }
}