{
    "timestamp": "2026-01-02T18:00:17.985422",
    "client_id": 80,
    "round": 1,
    "accepted": true,
    "communication_type": "full_model",
    "size_bytes": 82140,
    "size_mb": 0.07833480834960938,
    "metrics": {
        "val_accuracy": 0.7978070175438596,
        "val_precision": 0.7841741450400195,
        "val_recall": 0.8368963646228975,
        "val_f1": 0.8090600589063901,
        "val_fpr": 0.14755439401665818
    }
}