{
    "timestamp": "2026-01-02T17:58:24.679371",
    "client_id": 21,
    "round": 1,
    "accepted": true,
    "communication_type": "full_model",
    "size_bytes": 82140,
    "size_mb": 0.07833480834960938,
    "metrics": {
        "val_accuracy": 0.7560360360360361,
        "val_precision": 0.7552027027027027,
        "val_recall": 0.779018492176387,
        "val_f1": 0.7668052668052668,
        "val_fpr": 0.12875620314644703
    }
}