{
    "timestamp": "2026-01-02T17:58:03.595823",
    "client_id": 0,
    "round": 1,
    "accepted": true,
    "communication_type": "full_model",
    "size_bytes": 82140,
    "size_mb": 0.07833480834960938,
    "metrics": {
        "val_accuracy": 0.759468085106383,
        "val_precision": 0.7507353662123737,
        "val_recall": 0.8062389184397163,
        "val_f1": 0.776790823492691,
        "val_fpr": 0.18433235867446393
    }
}