{
    "timestamp": "2026-01-02T19:25:47.638562",
    "client_id": 87,
    "round": 1,
    "accepted": true,
    "communication_type": "full_model",
    "size_bytes": 82140,
    "size_mb": 0.07833480834960938,
    "metrics": {
        "val_accuracy": 0.7578342245989305,
        "val_precision": 0.7423796791443851,
        "val_recall": 0.8075986225046896,
        "val_f1": 0.7726882391974706,
        "val_fpr": 0.18074809036899325
    }
}