{
    "timestamp": "2026-01-02T17:58:46.891298",
    "client_id": 30,
    "round": 1,
    "accepted": true,
    "communication_type": "full_model",
    "size_bytes": 82140,
    "size_mb": 0.07833480834960938,
    "metrics": {
        "val_accuracy": 0.769731182795699,
        "val_precision": 0.7595796676441837,
        "val_recall": 0.8230732421325226,
        "val_f1": 0.7890864139392512,
        "val_fpr": 0.19873670351716788
    }
}