{
    "timestamp": "2026-01-02T17:58:56.670596",
    "client_id": 12,
    "round": 1,
    "accepted": true,
    "communication_type": "full_model",
    "size_bytes": 82140,
    "size_mb": 0.07833480834960938,
    "metrics": {
        "val_accuracy": 0.7773544973544974,
        "val_precision": 0.7714461245266933,
        "val_recall": 0.8125531156619239,
        "val_f1": 0.7910838702917911,
        "val_fpr": 0.15451383155554088
    }
}