{
    "timestamp": "2026-01-02T17:57:33.097331",
    "client_id": 93,
    "round": 1,
    "accepted": false,
    "communication_type": "rejected",
    "size_bytes": 0,
    "size_mb": 0.0,
    "metrics": {
        "val_accuracy": 0.7857853403141362,
        "val_precision": 0.7748924831712789,
        "val_recall": 0.8379648274936233,
        "val_f1": 0.8042459608391958,
        "val_fpr": 0.19385543455050183
    }
}