{
    "timestamp": "2026-01-02T17:57:43.647736",
    "client_id": 22,
    "round": 1,
    "accepted": false,
    "communication_type": "rejected",
    "size_bytes": 0,
    "size_mb": 0.0,
    "metrics": {
        "val_accuracy": 0.7391489361702128,
        "val_precision": 0.7327852998065765,
        "val_recall": 0.7931072695035462,
        "val_f1": 0.7608965089857468,
        "val_fpr": 0.2109053497942387
    }
}