{
    "timestamp": "2026-01-02T19:24:21.300402",
    "client_id": 2,
    "round": 1,
    "accepted": true,
    "communication_type": "full_model",
    "size_bytes": 82140,
    "size_mb": 0.07833480834960938,
    "metrics": {
        "val_accuracy": 0.7294736842105263,
        "val_precision": 0.7190191387559809,
        "val_recall": 0.776587086272382,
        "val_f1": 0.7459954233409611,
        "val_fpr": 0.18704274162495185
    }
}