{
    "timestamp": "2026-01-02T21:37:55.381964",
    "client_id": 87,
    "round": 1,
    "accepted": true,
    "communication_type": "full_model",
    "size_bytes": 82140,
    "size_mb": 0.07833480834960938,
    "metrics": {
        "val_accuracy": 0.7524866310160427,
        "val_precision": 0.7354145589439707,
        "val_recall": 0.8048688299689224,
        "val_f1": 0.7675350571661639,
        "val_fpr": 0.1864365679181991
    }
}