{
    "timestamp": "2026-01-02T19:27:04.910610",
    "client_id": 11,
    "round": 1,
    "accepted": true,
    "communication_type": "full_model",
    "size_bytes": 82140,
    "size_mb": 0.07833480834960938,
    "metrics": {
        "val_accuracy": 0.7048230912476723,
        "val_precision": 0.6919659483905294,
        "val_recall": 0.7518520767549186,
        "val_f1": 0.7199330743271984,
        "val_fpr": 0.1878708660110378
    }
}