{
    "timestamp": "2026-01-02T19:25:02.382489",
    "client_id": 89,
    "round": 1,
    "accepted": true,
    "communication_type": "full_model",
    "size_bytes": 82140,
    "size_mb": 0.07833480834960938,
    "metrics": {
        "val_accuracy": 0.7427985739750446,
        "val_precision": 0.7254742092515767,
        "val_recall": 0.7968474395945908,
        "val_f1": 0.7584024387093441,
        "val_fpr": 0.19126976381026745
    }
}