{
    "timestamp": "2026-01-02T17:58:38.471635",
    "client_id": 16,
    "round": 1,
    "accepted": true,
    "communication_type": "full_model",
    "size_bytes": 82140,
    "size_mb": 0.07833480834960938,
    "metrics": {
        "val_accuracy": 0.7193750000000001,
        "val_precision": 0.7068452380952381,
        "val_recall": 0.7683886054421769,
        "val_f1": 0.7355654761904762,
        "val_fpr": 0.1938301282051282
    }
}