{
    "timestamp": "2026-01-02T19:26:56.177545",
    "client_id": 35,
    "round": 1,
    "accepted": true,
    "communication_type": "full_model",
    "size_bytes": 82140,
    "size_mb": 0.07833480834960938,
    "metrics": {
        "val_accuracy": 0.7170157068062828,
        "val_precision": 0.7143841278589143,
        "val_recall": 0.7465028862934622,
        "val_f1": 0.7298869939349957,
        "val_fpr": 0.14714285714285713
    }
}