{
    "timestamp": "2026-01-02T19:26:05.255853",
    "client_id": 55,
    "round": 1,
    "accepted": true,
    "communication_type": "full_model",
    "size_bytes": 82140,
    "size_mb": 0.07833480834960938,
    "metrics": {
        "val_accuracy": 0.7375647668393783,
        "val_precision": 0.7231203223949338,
        "val_recall": 0.7850266957733885,
        "val_f1": 0.7520197431426958,
        "val_fpr": 0.18495773351188483
    }
}