{
    "timestamp": "2026-01-02T17:57:50.606343",
    "client_id": 81,
    "round": 1,
    "accepted": true,
    "communication_type": "full_model",
    "size_bytes": 82140,
    "size_mb": 0.07833480834960938,
    "metrics": {
        "val_accuracy": 0.7593717277486911,
        "val_precision": 0.7476228488249244,
        "val_recall": 0.8091153174922808,
        "val_f1": 0.7763095267917532,
        "val_fpr": 0.1911014911014911
    }
}