{
    "timestamp": "2026-01-02T17:59:40.487751",
    "client_id": 7,
    "round": 1,
    "accepted": false,
    "communication_type": "rejected",
    "size_bytes": 0,
    "size_mb": 0.0,
    "metrics": {
        "val_accuracy": 0.7278494623655913,
        "val_precision": 0.7427212572373862,
        "val_recall": 0.751688903901368,
        "val_f1": 0.7471586160788901,
        "val_fpr": 0.16951179554390564
    }
}