{
    "timestamp": "2026-01-02T19:28:03.914765",
    "simulation_info": {
        "title": "Simulated Annealing Communication Savings Analysis",
        "description": "Comprehensive analysis of communication costs and savings in federated learning with SA client selection"
    },
    "overall_statistics": {
        "total_communication_events": 144,
        "accepted_clients": 133,
        "rejected_clients": 11,
        "acceptance_rate": 0.9236111111111112
    },
    "communication_costs": {
        "average_model_size_mb": 0.07833480834960938,
        "actual_communication_mb": 10.418529510498047,
        "without_sa_communication_mb": 11.28021240234375,
        "average_model_size_bytes": 82140.0,
        "actual_communication_bytes": 10924620,
        "without_sa_communication_bytes": 11828160.0
    },
    "savings": {
        "data_saved_mb": 0.8616828918457031,
        "data_saved_bytes": 903540.0,
        "savings_percentage": 7.638888888888889,
        "communication_reduction_factor": 1.0827067669172932
    },
    "time_analysis": {
        "network_speed_assumed_mbps": 10,
        "time_without_sa_seconds": 9.024169921875,
        "time_with_sa_seconds": 8.334823608398438,
        "time_saved_seconds": 0.6893463134765625,
        "time_saved_minutes": 0.011489105224609376,
        "time_saved_hours": 0.0001914850870768229,
        "time_savings_percentage": 7.638888888888889
    },
    "round_wise_summary": [
        {
            "round": "round_1",
            "total_clients": 144,
            "accepted_clients": 133,
            "rejected_clients": 11,
            "acceptance_rate": 0.9236111111111112,
            "communication_mb": 10.418529510498047,
            "potential_communication_mb": 11.28021240234375,
            "savings_mb": 0.8616828918457031
        }
    ]
}