{
    "timestamp": "2026-01-02T21:40:08.451549",
    "simulation_info": {
        "title": "Simulated Annealing Communication Savings Analysis",
        "description": "Comprehensive analysis of communication costs and savings in federated learning with SA client selection"
    },
    "overall_statistics": {
        "total_communication_events": 171,
        "accepted_clients": 153,
        "rejected_clients": 18,
        "acceptance_rate": 0.8947368421052632
    },
    "communication_costs": {
        "average_model_size_mb": 0.07833480834960938,
        "actual_communication_mb": 11.985225677490234,
        "without_sa_communication_mb": 13.395252227783203,
        "average_model_size_bytes": 82140.0,
        "actual_communication_bytes": 12567420,
        "without_sa_communication_bytes": 14045940.0
    },
    "savings": {
        "data_saved_mb": 1.4100265502929688,
        "data_saved_bytes": 1478520.0,
        "savings_percentage": 10.526315789473683,
        "communication_reduction_factor": 1.1176470588235294
    },
    "time_analysis": {
        "network_speed_assumed_mbps": 10,
        "time_without_sa_seconds": 10.716201782226562,
        "time_with_sa_seconds": 9.588180541992188,
        "time_saved_seconds": 1.128021240234375,
        "time_saved_minutes": 0.01880035400390625,
        "time_saved_hours": 0.0003133392333984375,
        "time_savings_percentage": 10.526315789473683
    },
    "round_wise_summary": [
        {
            "round": "round_1",
            "total_clients": 171,
            "accepted_clients": 153,
            "rejected_clients": 18,
            "acceptance_rate": 0.8947368421052632,
            "communication_mb": 11.985225677490234,
            "potential_communication_mb": 13.395252227783203,
            "savings_mb": 1.4100265502929688
        }
    ]
}