{
    "round": 10,
    "timestamp": "2026-01-02T21:40:08.452546",
    "analysis": {
        "total_communication_events": 171,
        "accepted_clients": 153,
        "rejected_clients": 18,
        "acceptance_rate": 0.8947368421052632,
        "communication_costs": {
            "actual_mb": 11.985225677490234,
            "actual_bytes": 12567420,
            "without_sa_mb": 13.395252227783203,
            "without_sa_bytes": 14045940.0,
            "average_model_size_mb": 0.07833480834960938,
            "average_model_size_bytes": 82140.0
        },
        "savings": {
            "saved_mb": 1.4100265502929688,
            "saved_bytes": 1478520.0,
            "savings_percentage": 10.526315789473683,
            "communication_reduction_factor": 1.1176470588235294
        },
        "time_analysis": {
            "assumed_network_speed_mbps": 10,
            "time_without_sa_seconds": 10.716201782226562,
            "time_with_sa_seconds": 9.588180541992188,
            "time_saved_seconds": 1.128021240234375,
            "time_saved_minutes": 0.01880035400390625,
            "time_saved_hours": 0.0003133392333984375,
            "time_savings_percentage": 10.526315789473683
        },
        "round_wise_analysis": {
            "round_1": {
                "total_clients": 171,
                "accepted_clients": 153,
                "rejected_clients": 18,
                "acceptance_rate": 0.8947368421052632,
                "communication_mb": 11.985225677490234,
                "potential_communication_mb": 13.395252227783203,
                "round_savings_mb": 1.4100265502929688
            }
        }
    }
}