{
    "round": 5,
    "timestamp": "2026-01-02T19:08:18.127683",
    "analysis": {
        "total_communication_events": 292,
        "accepted_clients": 276,
        "rejected_clients": 16,
        "acceptance_rate": 0.9452054794520548,
        "communication_costs": {
            "actual_mb": 21.620407104492188,
            "actual_bytes": 22670640,
            "without_sa_mb": 22.873764038085938,
            "without_sa_bytes": 23984880.0,
            "average_model_size_mb": 0.07833480834960938,
            "average_model_size_bytes": 82140.0
        },
        "savings": {
            "saved_mb": 1.25335693359375,
            "saved_bytes": 1314240.0,
            "savings_percentage": 5.47945205479452,
            "communication_reduction_factor": 1.0579710144927537
        },
        "time_analysis": {
            "assumed_network_speed_mbps": 10,
            "time_without_sa_seconds": 18.29901123046875,
            "time_with_sa_seconds": 17.29632568359375,
            "time_saved_seconds": 1.002685546875,
            "time_saved_minutes": 0.01671142578125,
            "time_saved_hours": 0.00027852376302083334,
            "time_savings_percentage": 5.47945205479452
        },
        "round_wise_analysis": {
            "round_1": {
                "total_clients": 292,
                "accepted_clients": 276,
                "rejected_clients": 16,
                "acceptance_rate": 0.9452054794520548,
                "communication_mb": 21.620407104492188,
                "potential_communication_mb": 22.873764038085938,
                "round_savings_mb": 1.25335693359375
            }
        }
    }
}