{
    "round": 8,
    "timestamp": "2026-01-02T21:32:21.876096",
    "total_clients": 100,
    "accepted_clients": 93,
    "rejected_clients": 7,
    "acceptance_rate": 0.93,
    "model_size_mb": 0.07833480834960938,
    "communication_saved_mb": 0.5483436584472656
}