{
    "round": 3,
    "timestamp": "2026-01-02T17:31:09.812441",
    "total_clients": 100,
    "accepted_clients": 95,
    "rejected_clients": 5,
    "acceptance_rate": 0.95,
    "model_size_mb": 0.07833480834960938,
    "communication_saved_mb": 0.3916740417480469
}