{
    "round": 8,
    "timestamp": "2026-01-02T17:52:35.154914",
    "total_clients": 100,
    "accepted_clients": 98,
    "rejected_clients": 2,
    "acceptance_rate": 0.98,
    "model_size_mb": 0.07833480834960938,
    "communication_saved_mb": 0.15666961669921875
}