{
    "round": 10,
    "timestamp": "2026-01-02T18:00:29.084096",
    "total_clients": 100,
    "accepted_clients": 89,
    "rejected_clients": 11,
    "acceptance_rate": 0.89,
    "model_size_mb": 0.07833480834960938,
    "communication_saved_mb": 0.8616828918457031
}