{
    "round": 5,
    "timestamp": "2026-01-02T17:40:02.506553",
    "total_clients": 100,
    "accepted_clients": 96,
    "rejected_clients": 4,
    "acceptance_rate": 0.96,
    "model_size_mb": 0.07833480834960938,
    "communication_saved_mb": 0.3133392333984375
}