{
    "round": 2,
    "timestamp": "2026-01-02T17:26:27.401711",
    "total_clients": 100,
    "accepted_clients": 99,
    "rejected_clients": 1,
    "acceptance_rate": 0.99,
    "model_size_mb": 0.07833480834960938,
    "communication_saved_mb": 0.07833480834960938
}