{
    "top_20_features": [
        "sttl",
        "ct_state_ttl",
        "state",
        "dur",
        "dload",
        "sload",
        "dmean",
        "sinpkt",
        "ct_dst_sport_ltm",
        "spkts",
        "rate",
        "sloss",
        "dpkts",
        "ct_src_dport_ltm",
        "sbytes",
        "dloss",
        "dbytes",
        "smean",
        "proto",
        "ct_dst_src_ltm"
    ],
    "scaler": {
        "mean": [
            0.7141551766337603,
            0.22480351363846507,
            0.4389042995839112,
            0.020982026799750007,
            0.027820088942562805,
            0.012260684781289086,
            0.08170966250577899,
            0.011262449933766504,
            0.06725227307751579,
            0.0018762104977885807,
            0.09399127554892789,
            0.0008813561620224278,
            0.0018916844935874518,
            0.07172748577167724,
            0.0005768399064363515,
            0.0014484150420584119,
            0.0012289907611524038,
            0.07443584361060086,
            0.8347833396377087,
            0.11362257281553398
        ],
        "scale": [
            0.39732399451543776,
            0.1626624273186472,
            0.09010499651851912,
            0.09685576017148488,
            0.10112874891879113,
            0.03493902043415634,
            0.17483764743182362,
            0.08272755245345553,
            0.12692381644751383,
            0.01183398620222565,
            0.15923073225919782,
            0.011160801303180524,
            0.00834950660916099,
            0.1350080634569951,
            0.01100155770834855,
            0.007834435743656826,
            0.008302880118911391,
            0.13535912519301357,
            0.1629589990457525,
            0.1688024428404832
        ],
        "feature_names": [
            "sttl",
            "ct_state_ttl",
            "state",
            "dur",
            "dload",
            "sload",
            "dmean",
            "sinpkt",
            "ct_dst_sport_ltm",
            "spkts",
            "rate",
            "sloss",
            "dpkts",
            "ct_src_dport_ltm",
            "sbytes",
            "dloss",
            "dbytes",
            "smean",
            "proto",
            "ct_dst_src_ltm"
        ]
    },
    "attack_encoder": {
        "classes": [
            0,
            1,
            2,
            3,
            4,
            5,
            6,
            7,
            8,
            9
        ],
        "is_global_encoder": true,
        "all_possible_attack_classes": [
            0,
            1,
            2,
            3,
            4,
            5,
            6,
            7,
            8,
            9
        ]
    },
    "global_attack_mapping": {
        "1": 0,
        "2": 1,
        "3": 2,
        "4": 3,
        "5": 4,
        "6": 5,
        "7": 6,
        "8": 7,
        "9": 8
    },
    "feature_selection_method": "predefined_features",
    "num_selected_features": 20,
    "data_preprocessing_order": [
        "predefined_feature_selection",
        "train_test_split",
        "standard_scaling",
        "label_encoding",
        "multiclass_smote",
        "binary_smote",
        "sequencing"
    ],
    "sequence_length": 10,
    "test_size": 0.3,
    "random_state": 42
}