{
    "top_20_features": [
        "sttl",
        "ct_state_ttl",
        "state",
        "dur",
        "dload",
        "sload",
        "dmean",
        "sinpkt",
        "ct_dst_sport_ltm",
        "spkts",
        "rate",
        "sloss",
        "dpkts",
        "ct_src_dport_ltm",
        "sbytes",
        "dloss",
        "dbytes",
        "smean",
        "proto",
        "ct_dst_src_ltm"
    ],
    "scaler": {
        "mean": [
            0.7208261945554921,
            0.22549699491447062,
            0.4387656033287102,
            0.018495867320155214,
            0.029339235698241747,
            0.012514218292106706,
            0.07987239944521497,
            0.011243301580110344,
            0.06598859608568346,
            0.0015862447712032659,
            0.09477411208465984,
            0.0007577576943305208,
            0.0018108056190487768,
            0.07133291883877754,
            0.00046786623722828606,
            0.0014028293834577221,
            0.0011669763262465223,
            0.07604069048243803,
            0.8327974614382382,
            0.11159630721220527
        ],
        "scale": [
            0.39758339671555515,
            0.1660490276379356,
            0.09422654986979066,
            0.09154994819954482,
            0.10883309066470025,
            0.030131359779628695,
            0.1673690545569635,
            0.08365517407455873,
            0.1238977288810398,
            0.007682222605876654,
            0.1611630489234671,
            0.006900683540210064,
            0.014654426835395168,
            0.13475192050345738,
            0.0067732206621670754,
            0.014491645211534397,
            0.01464924222548077,
            0.13656015730214757,
            0.16757483844890952,
            0.17009755836773083
        ],
        "feature_names": [
            "sttl",
            "ct_state_ttl",
            "state",
            "dur",
            "dload",
            "sload",
            "dmean",
            "sinpkt",
            "ct_dst_sport_ltm",
            "spkts",
            "rate",
            "sloss",
            "dpkts",
            "ct_src_dport_ltm",
            "sbytes",
            "dloss",
            "dbytes",
            "smean",
            "proto",
            "ct_dst_src_ltm"
        ]
    },
    "attack_encoder": {
        "classes": [
            0,
            1,
            2,
            3,
            4,
            5,
            6,
            7,
            8,
            9
        ],
        "is_global_encoder": true,
        "all_possible_attack_classes": [
            0,
            1,
            2,
            3,
            4,
            5,
            6,
            7,
            8,
            9
        ]
    },
    "global_attack_mapping": {
        "1": 0,
        "2": 1,
        "3": 2,
        "4": 3,
        "5": 4,
        "6": 5,
        "7": 6,
        "8": 7,
        "9": 8
    },
    "feature_selection_method": "predefined_features",
    "num_selected_features": 20,
    "data_preprocessing_order": [
        "predefined_feature_selection",
        "train_test_split",
        "standard_scaling",
        "label_encoding",
        "multiclass_smote",
        "binary_smote",
        "sequencing"
    ],
    "sequence_length": 10,
    "test_size": 0.3,
    "random_state": 42
}