{
    "top_20_features": [
        "sttl",
        "ct_state_ttl",
        "state",
        "dur",
        "dload",
        "sload",
        "dmean",
        "sinpkt",
        "ct_dst_sport_ltm",
        "spkts",
        "rate",
        "sloss",
        "dpkts",
        "ct_src_dport_ltm",
        "sbytes",
        "dloss",
        "dbytes",
        "smean",
        "proto",
        "ct_dst_src_ltm"
    ],
    "scaler": {
        "mean": [
            0.7119904272388566,
            0.22145168747110489,
            0.43522884882108187,
            0.02221741568394012,
            0.03085855688970631,
            0.011429283737231314,
            0.08038141470180304,
            0.010589194468634237,
            0.0678687008784096,
            0.0014605777555701325,
            0.08783572478556134,
            0.0006520210305139196,
            0.0015268169171666708,
            0.07335357979817302,
            0.00027329855190751307,
            0.0011116856191350718,
            0.0008532344689983242,
            0.06842926490984741,
            0.8321985457907789,
            0.11429438280166436
        ],
        "scale": [
            0.4008382276977313,
            0.16411543674000753,
            0.09306901112669341,
            0.10689753822750128,
            0.10827499591532246,
            0.0260970666843031,
            0.17057119147309321,
            0.0813090257374255,
            0.13159573184474893,
            0.004547429820959245,
            0.15126685469553247,
            0.0035588559221622373,
            0.0056195185869570025,
            0.14143872764468166,
            0.002307756518315808,
            0.005075328253525806,
            0.0052060712443757345,
            0.12320929790295847,
            0.16069564063810765,
            0.17537815326660378
        ],
        "feature_names": [
            "sttl",
            "ct_state_ttl",
            "state",
            "dur",
            "dload",
            "sload",
            "dmean",
            "sinpkt",
            "ct_dst_sport_ltm",
            "spkts",
            "rate",
            "sloss",
            "dpkts",
            "ct_src_dport_ltm",
            "sbytes",
            "dloss",
            "dbytes",
            "smean",
            "proto",
            "ct_dst_src_ltm"
        ]
    },
    "attack_encoder": {
        "classes": [
            0,
            1,
            2,
            3,
            4,
            5,
            6,
            7,
            8,
            9
        ],
        "is_global_encoder": true,
        "all_possible_attack_classes": [
            0,
            1,
            2,
            3,
            4,
            5,
            6,
            7,
            8,
            9
        ]
    },
    "global_attack_mapping": {
        "1": 0,
        "2": 1,
        "3": 2,
        "4": 3,
        "5": 4,
        "6": 5,
        "7": 6,
        "8": 7,
        "9": 8
    },
    "feature_selection_method": "predefined_features",
    "num_selected_features": 20,
    "data_preprocessing_order": [
        "predefined_feature_selection",
        "train_test_split",
        "standard_scaling",
        "label_encoding",
        "multiclass_smote",
        "binary_smote",
        "sequencing"
    ],
    "sequence_length": 10,
    "test_size": 0.3,
    "random_state": 42
}