{
    "timestamp": "2025-12-24T10:55:41.233453",
    "client_id": 60,
    "round": 1,
    "accepted": true,
    "communication_type": "full_model",
    "size_bytes": 82140,
    "size_mb": 0.07833480834960938,
    "metrics": {
        "val_accuracy": 0.7664539007092198,
        "val_precision": 0.7516622340425532,
        "val_recall": 0.8219747340425532,
        "val_f1": 0.7841141571194763,
        "val_fpr": 0.199951728980165
    }
}