{
    "timestamp": "2025-12-24T10:56:10.640762",
    "client_id": 32,
    "round": 1,
    "accepted": true,
    "communication_type": "full_model",
    "size_bytes": 82140,
    "size_mb": 0.07833480834960938,
    "metrics": {
        "val_accuracy": 0.7717452006980803,
        "val_precision": 0.7564759139440773,
        "val_recall": 0.8299503289032085,
        "val_f1": 0.7902672132766966,
        "val_fpr": 0.20337583309185744
    }
}