{
    "timestamp": "2025-12-24T10:56:50.341920",
    "client_id": 24,
    "round": 1,
    "accepted": true,
    "communication_type": "full_model",
    "size_bytes": 82140,
    "size_mb": 0.07833480834960938,
    "metrics": {
        "val_accuracy": 0.7491237113402062,
        "val_precision": 0.7454382653308165,
        "val_recall": 0.7837155480749001,
        "val_f1": 0.7637814130516976,
        "val_fpr": 0.15722934472934474
    }
}