{
    "timestamp": "2025-12-24T10:57:19.337018",
    "client_id": 15,
    "round": 1,
    "accepted": true,
    "communication_type": "full_model",
    "size_bytes": 82140,
    "size_mb": 0.07833480834960938,
    "metrics": {
        "val_accuracy": 0.7710996563573883,
        "val_precision": 0.7630311205318432,
        "val_recall": 0.8042289080580686,
        "val_f1": 0.7827256726175509,
        "val_fpr": 0.1431912681912682
    }
}