{
    "timestamp": "2025-12-24T10:58:09.685845",
    "client_id": 36,
    "round": 1,
    "accepted": true,
    "communication_type": "full_model",
    "size_bytes": 82140,
    "size_mb": 0.07833480834960938,
    "metrics": {
        "val_accuracy": 0.7578828828828829,
        "val_precision": 0.7464487743557511,
        "val_recall": 0.8030583214793741,
        "val_f1": 0.7730063396730064,
        "val_fpr": 0.1786521935775667
    }
}