{
    "timestamp": "2025-12-24T10:58:40.388467",
    "client_id": 33,
    "round": 1,
    "accepted": true,
    "communication_type": "full_model",
    "size_bytes": 82140,
    "size_mb": 0.07833480834960938,
    "metrics": {
        "val_accuracy": 0.751762652705061,
        "val_precision": 0.7481900849219669,
        "val_recall": 0.7804806014230098,
        "val_f1": 0.7637758540251931,
        "val_fpr": 0.14325842696629215
    }
}