{
    "timestamp": "2025-12-24T10:56:30.787924",
    "client_id": 38,
    "round": 1,
    "accepted": true,
    "communication_type": "full_model",
    "size_bytes": 82140,
    "size_mb": 0.07833480834960938,
    "metrics": {
        "val_accuracy": 0.7369841269841271,
        "val_precision": 0.7235150470444589,
        "val_recall": 0.7858787729254051,
        "val_f1": 0.7525879917184265,
        "val_fpr": 0.18362720871035468
    }
}