{
    "timestamp": "2025-12-24T10:57:42.643184",
    "client_id": 68,
    "round": 1,
    "accepted": true,
    "communication_type": "full_model",
    "size_bytes": 82140,
    "size_mb": 0.07833480834960938,
    "metrics": {
        "val_accuracy": 0.7922486772486772,
        "val_precision": 0.7886268823768823,
        "val_recall": 0.8231899553143076,
        "val_f1": 0.8052619773318027,
        "val_fpr": 0.1386935667309499
    }
}