{
    "timestamp": "2025-12-24T10:55:17.279154",
    "client_id": 19,
    "round": 1,
    "accepted": true,
    "communication_type": "full_model",
    "size_bytes": 82140,
    "size_mb": 0.07833480834960938,
    "metrics": {
        "val_accuracy": 0.7418840579710145,
        "val_precision": 0.7420466595970308,
        "val_recall": 0.7781803542673108,
        "val_f1": 0.7593798278525712,
        "val_fpr": 0.174486986986987
    }
}