{
    "timestamp": "2025-12-24T10:55:26.958868",
    "client_id": 37,
    "round": 1,
    "accepted": true,
    "communication_type": "full_model",
    "size_bytes": 82140,
    "size_mb": 0.07833480834960938,
    "metrics": {
        "val_accuracy": 0.762948717948718,
        "val_precision": 0.7515770365327887,
        "val_recall": 0.8104110295065069,
        "val_f1": 0.7791251885369532,
        "val_fpr": 0.1841932434449475
    }
}