{
    "timestamp": "2025-12-24T10:58:35.373141",
    "client_id": 90,
    "round": 1,
    "accepted": true,
    "communication_type": "full_model",
    "size_bytes": 82140,
    "size_mb": 0.07833480834960938,
    "metrics": {
        "val_accuracy": 0.7521693121693122,
        "val_precision": 0.7430448882061785,
        "val_recall": 0.796625270718535,
        "val_f1": 0.7682668731449219,
        "val_fpr": 0.17906971983089537
    }
}