{
    "timestamp": "2025-12-24T10:56:01.239492",
    "client_id": 2,
    "round": 1,
    "accepted": true,
    "communication_type": "full_model",
    "size_bytes": 82140,
    "size_mb": 0.07833480834960938,
    "metrics": {
        "val_accuracy": 0.7581578947368421,
        "val_precision": 0.7469478490747417,
        "val_recall": 0.8028486163863267,
        "val_f1": 0.7732063208869631,
        "val_fpr": 0.17301694262610703
    }
}