{
    "timestamp": "2025-12-24T10:57:09.716687",
    "client_id": 57,
    "round": 1,
    "accepted": true,
    "communication_type": "full_model",
    "size_bytes": 82140,
    "size_mb": 0.07833480834960938,
    "metrics": {
        "val_accuracy": 0.7364414414414415,
        "val_precision": 0.7259163272861904,
        "val_recall": 0.7896870554765292,
        "val_f1": 0.755540870944294,
        "val_fpr": 0.1981694375663247
    }
}