{
    "timestamp": "2025-12-24T10:56:09.193129",
    "client_id": 22,
    "round": 1,
    "accepted": true,
    "communication_type": "full_model",
    "size_bytes": 82140,
    "size_mb": 0.07833480834960938,
    "metrics": {
        "val_accuracy": 0.7478014184397164,
        "val_precision": 0.7388824995207974,
        "val_recall": 0.8036347517730497,
        "val_f1": 0.7689125295508275,
        "val_fpr": 0.20987654320987653
    }
}