{
    "timestamp": "2025-12-24T10:55:56.549536",
    "client_id": 91,
    "round": 1,
    "accepted": true,
    "communication_type": "full_model",
    "size_bytes": 82140,
    "size_mb": 0.07833480834960938,
    "metrics": {
        "val_accuracy": 0.7389092495636997,
        "val_precision": 0.7303907310451814,
        "val_recall": 0.7777554034098537,
        "val_f1": 0.7528630208532375,
        "val_fpr": 0.16310225465431752
    }
}