{
    "timestamp": "2025-12-24T10:58:14.203943",
    "client_id": 84,
    "round": 1,
    "accepted": true,
    "communication_type": "full_model",
    "size_bytes": 82140,
    "size_mb": 0.07833480834960938,
    "metrics": {
        "val_accuracy": 0.7982275132275132,
        "val_precision": 0.7846342410562595,
        "val_recall": 0.8413794994105874,
        "val_f1": 0.8112810412080484,
        "val_fpr": 0.1604471841099401
    }
}