{
    "timestamp": "2025-12-24T10:58:42.180325",
    "client_id": 7,
    "round": 1,
    "accepted": true,
    "communication_type": "full_model",
    "size_bytes": 82140,
    "size_mb": 0.07833480834960938,
    "metrics": {
        "val_accuracy": 0.7041935483870967,
        "val_precision": 0.695852534562212,
        "val_recall": 0.7532511400101334,
        "val_f1": 0.7227229601518026,
        "val_fpr": 0.20596330275229358
    }
}