{
    "timestamp": "2025-12-24T10:56:55.394772",
    "client_id": 6,
    "round": 1,
    "accepted": true,
    "communication_type": "full_model",
    "size_bytes": 82140,
    "size_mb": 0.07833480834960938,
    "metrics": {
        "val_accuracy": 0.7636528497409327,
        "val_precision": 0.762049076156027,
        "val_recall": 0.795810210147024,
        "val_f1": 0.7783105514524241,
        "val_fpr": 0.15068454186893204
    }
}