{
    "timestamp": "2025-12-24T10:57:07.436186",
    "client_id": 99,
    "round": 1,
    "accepted": true,
    "communication_type": "full_model",
    "size_bytes": 82140,
    "size_mb": 0.07833480834960938,
    "metrics": {
        "val_accuracy": 0.7728378378378378,
        "val_precision": 0.7571203490486001,
        "val_recall": 0.8299431009957325,
        "val_f1": 0.790622341469799,
        "val_fpr": 0.19922355224846328
    }
}