{
    "timestamp": "2025-12-24T10:57:15.118911",
    "client_id": 25,
    "round": 1,
    "accepted": true,
    "communication_type": "full_model",
    "size_bytes": 82140,
    "size_mb": 0.07833480834960938,
    "metrics": {
        "val_accuracy": 0.7664184397163121,
        "val_precision": 0.7517807585568919,
        "val_recall": 0.832668439716312,
        "val_f1": 0.7885827367147322,
        "val_fpr": 0.22906885758998435
    }
}