{
    "timestamp": "2025-12-24T10:58:21.433404",
    "client_id": 96,
    "round": 1,
    "accepted": true,
    "communication_type": "full_model",
    "size_bytes": 82140,
    "size_mb": 0.07833480834960938,
    "metrics": {
        "val_accuracy": 0.76125,
        "val_precision": 0.7511677877428999,
        "val_recall": 0.8101615646258504,
        "val_f1": 0.7787639220365952,
        "val_fpr": 0.19179258241758243
    }
}