{
    "timestamp": "2025-12-24T10:56:39.748738",
    "client_id": 88,
    "round": 1,
    "accepted": true,
    "communication_type": "full_model",
    "size_bytes": 82140,
    "size_mb": 0.07833480834960938,
    "metrics": {
        "val_accuracy": 0.7952910052910053,
        "val_precision": 0.7942893632548804,
        "val_recall": 0.8178989500233023,
        "val_f1": 0.8057960557960557,
        "val_fpr": 0.11638728180784255
    }
}