{
    "timestamp": "2025-12-24T10:57:01.166814",
    "client_id": 85,
    "round": 1,
    "accepted": true,
    "communication_type": "full_model",
    "size_bytes": 82140,
    "size_mb": 0.07833480834960938,
    "metrics": {
        "val_accuracy": 0.7619354838709678,
        "val_precision": 0.745268817204301,
        "val_recall": 0.8200332151100602,
        "val_f1": 0.7795957402812241,
        "val_fpr": 0.20240825688073394
    }
}