{
    "timestamp": "2025-12-24T10:55:25.733369",
    "client_id": 20,
    "round": 1,
    "accepted": true,
    "communication_type": "full_model",
    "size_bytes": 82140,
    "size_mb": 0.07833480834960938,
    "metrics": {
        "val_accuracy": 0.7443589743589744,
        "val_precision": 0.7293512938674229,
        "val_recall": 0.7969971205265323,
        "val_f1": 0.7606626047220106,
        "val_fpr": 0.18713010890335988
    }
}