{
    "timestamp": "2025-12-24T10:56:27.422081",
    "client_id": 45,
    "round": 1,
    "accepted": true,
    "communication_type": "full_model",
    "size_bytes": 82140,
    "size_mb": 0.07833480834960938,
    "metrics": {
        "val_accuracy": 0.7370652173913044,
        "val_precision": 0.7248734365693865,
        "val_recall": 0.7911922015182884,
        "val_f1": 0.7555946291560103,
        "val_fpr": 0.19976809436555198
    }
}