{
    "timestamp": "2025-12-24T10:58:32.818825",
    "client_id": 49,
    "round": 1,
    "accepted": true,
    "communication_type": "full_model",
    "size_bytes": 82140,
    "size_mb": 0.07833480834960938,
    "metrics": {
        "val_accuracy": 0.736117216117216,
        "val_precision": 0.7294022402718054,
        "val_recall": 0.7753863783275547,
        "val_f1": 0.7512271991967423,
        "val_fpr": 0.1670659301429833
    }
}