{
    "timestamp": "2025-12-24T10:55:53.317474",
    "client_id": 82,
    "round": 1,
    "accepted": true,
    "communication_type": "full_model",
    "size_bytes": 82140,
    "size_mb": 0.07833480834960938,
    "metrics": {
        "val_accuracy": 0.7287566137566137,
        "val_precision": 0.7162030969370419,
        "val_recall": 0.7726512596978918,
        "val_f1": 0.7427103850461514,
        "val_fpr": 0.1731880602708373
    }
}