{
    "timestamp": "2025-12-24T10:58:29.333530",
    "client_id": 73,
    "round": 1,
    "accepted": true,
    "communication_type": "full_model",
    "size_bytes": 82140,
    "size_mb": 0.07833480834960938,
    "metrics": {
        "val_accuracy": 0.7521929824561404,
        "val_precision": 0.7437060392917778,
        "val_recall": 0.7950623982637005,
        "val_f1": 0.767947240363683,
        "val_fpr": 0.173452330630596
    }
}