{
    "timestamp": "2025-12-24T10:55:50.615215",
    "client_id": 79,
    "round": 1,
    "accepted": true,
    "communication_type": "full_model",
    "size_bytes": 82140,
    "size_mb": 0.07833480834960938,
    "metrics": {
        "val_accuracy": 0.7641228070175439,
        "val_precision": 0.7571040276748209,
        "val_recall": 0.8003255561584373,
        "val_f1": 0.7777059356006724,
        "val_fpr": 0.15613413528878636
    }
}