{
    "timestamp": "2025-12-24T10:58:38.725898",
    "client_id": 40,
    "round": 1,
    "accepted": true,
    "communication_type": "full_model",
    "size_bytes": 82140,
    "size_mb": 0.07833480834960938,
    "metrics": {
        "val_accuracy": 0.7790155440414508,
        "val_precision": 0.7732015905530787,
        "val_recall": 0.8137871176455117,
        "val_f1": 0.7926077770511595,
        "val_fpr": 0.15087985436893203
    }
}