{
    "timestamp": "2025-12-24T10:56:17.266292",
    "client_id": 1,
    "round": 1,
    "accepted": true,
    "communication_type": "full_model",
    "size_bytes": 82140,
    "size_mb": 0.07833480834960938,
    "metrics": {
        "val_accuracy": 0.7574694589877836,
        "val_precision": 0.7643848818733557,
        "val_recall": 0.7782386897570144,
        "val_f1": 0.7712068327251573,
        "val_fpr": 0.12904761904761905
    }
}