{
    "timestamp": "2025-12-24T10:57:05.962091",
    "client_id": 41,
    "round": 1,
    "accepted": true,
    "communication_type": "full_model",
    "size_bytes": 82140,
    "size_mb": 0.07833480834960938,
    "metrics": {
        "val_accuracy": 0.7712032085561498,
        "val_precision": 0.766107054709996,
        "val_recall": 0.8052608001791863,
        "val_f1": 0.7848498250975031,
        "val_fpr": 0.15047185062441903
    }
}