{
    "timestamp": "2025-12-24T10:56:32.761583",
    "client_id": 92,
    "round": 1,
    "accepted": true,
    "communication_type": "full_model",
    "size_bytes": 82140,
    "size_mb": 0.07833480834960938,
    "metrics": {
        "val_accuracy": 0.7272463768115942,
        "val_precision": 0.7118594720496894,
        "val_recall": 0.7883310328962503,
        "val_f1": 0.7468549320981157,
        "val_fpr": 0.2158930669800235
    }
}