{
    "timestamp": "2025-12-24T10:55:18.658297",
    "client_id": 9,
    "round": 1,
    "accepted": true,
    "communication_type": "full_model",
    "size_bytes": 82140,
    "size_mb": 0.07833480834960938,
    "metrics": {
        "val_accuracy": 0.7423655913978495,
        "val_precision": 0.732318643041042,
        "val_recall": 0.7826099194955807,
        "val_f1": 0.7560949643351431,
        "val_fpr": 0.16588860923926282
    }
}