{
    "timestamp": "2025-12-24T10:56:38.324505",
    "client_id": 76,
    "round": 1,
    "accepted": true,
    "communication_type": "full_model",
    "size_bytes": 82140,
    "size_mb": 0.07833480834960938,
    "metrics": {
        "val_accuracy": 0.7430054644808743,
        "val_precision": 0.7310357675111774,
        "val_recall": 0.8010551098709453,
        "val_f1": 0.7632995821279331,
        "val_fpr": 0.21440018315018314
    }
}