{
    "timestamp": "2025-12-24T10:58:30.000831",
    "client_id": 81,
    "round": 1,
    "accepted": true,
    "communication_type": "full_model",
    "size_bytes": 82140,
    "size_mb": 0.07833480834960938,
    "metrics": {
        "val_accuracy": 0.7508027923211169,
        "val_precision": 0.7417379356092013,
        "val_recall": 0.7987515102698348,
        "val_f1": 0.7684630487313733,
        "val_fpr": 0.1922238255571589
    }
}