{
    "timestamp": "2025-12-24T10:56:10.775363",
    "client_id": 95,
    "round": 1,
    "accepted": true,
    "communication_type": "full_model",
    "size_bytes": 82140,
    "size_mb": 0.07833480834960938,
    "metrics": {
        "val_accuracy": 0.7862903225806451,
        "val_precision": 0.7718822228921716,
        "val_recall": 0.8253391882001915,
        "val_f1": 0.7970927917164476,
        "val_fpr": 0.14678899082568808
    }
}