{
    "timestamp": "2025-12-24T10:55:51.953376",
    "client_id": 89,
    "round": 1,
    "accepted": true,
    "communication_type": "full_model",
    "size_bytes": 82140,
    "size_mb": 0.07833480834960938,
    "metrics": {
        "val_accuracy": 0.7662032085561498,
        "val_precision": 0.7547746371275783,
        "val_recall": 0.8131142033205476,
        "val_f1": 0.7820855614973262,
        "val_fpr": 0.17677630294749172
    }
}