{
    "timestamp": "2025-12-24T10:57:04.675344",
    "client_id": 50,
    "round": 1,
    "accepted": true,
    "communication_type": "full_model",
    "size_bytes": 82140,
    "size_mb": 0.07833480834960938,
    "metrics": {
        "val_accuracy": 0.7602564102564102,
        "val_precision": 0.756768038163387,
        "val_recall": 0.7926684705579178,
        "val_f1": 0.7740245261984393,
        "val_fpr": 0.14978371623570125
    }
}