{
    "timestamp": "2025-12-24T10:57:17.788887",
    "client_id": 42,
    "round": 1,
    "accepted": true,
    "communication_type": "full_model",
    "size_bytes": 82140,
    "size_mb": 0.07833480834960938,
    "metrics": {
        "val_accuracy": 0.754777183600713,
        "val_precision": 0.7537554080563245,
        "val_recall": 0.7731192429375368,
        "val_f1": 0.7632387220622514,
        "val_fpr": 0.11683689609978759
    }
}