{
    "timestamp": "2025-12-24T10:58:44.794427",
    "client_id": 64,
    "round": 1,
    "accepted": true,
    "communication_type": "full_model",
    "size_bytes": 82140,
    "size_mb": 0.07833480834960938,
    "metrics": {
        "val_accuracy": 0.7207142857142856,
        "val_precision": 0.7156208277703604,
        "val_recall": 0.7623982235381199,
        "val_f1": 0.7378027378027378,
        "val_fpr": 0.18615740396957575
    }
}