{
    "timestamp": "2025-12-24T10:57:29.355870",
    "client_id": 77,
    "round": 1,
    "accepted": true,
    "communication_type": "full_model",
    "size_bytes": 82140,
    "size_mb": 0.07833480834960938,
    "metrics": {
        "val_accuracy": 0.7511904761904762,
        "val_precision": 0.7476190476190476,
        "val_recall": 0.7862077473476436,
        "val_f1": 0.7660994919059436,
        "val_fpr": 0.16079663714647185
    }
}