{
    "timestamp": "2025-12-24T10:57:29.855096",
    "client_id": 56,
    "round": 1,
    "accepted": true,
    "communication_type": "full_model",
    "size_bytes": 82140,
    "size_mb": 0.07833480834960938,
    "metrics": {
        "val_accuracy": 0.7614102564102565,
        "val_precision": 0.7555093555093555,
        "val_recall": 0.8054889833784307,
        "val_f1": 0.7791339302028137,
        "val_fpr": 0.18545275298407785
    }
}