{
    "timestamp": "2025-12-24T10:56:01.421203",
    "client_id": 98,
    "round": 1,
    "accepted": true,
    "communication_type": "full_model",
    "size_bytes": 82140,
    "size_mb": 0.07833480834960938,
    "metrics": {
        "val_accuracy": 0.7335460992907802,
        "val_precision": 0.732410833590297,
        "val_recall": 0.7665669326241136,
        "val_f1": 0.7488468511704793,
        "val_fpr": 0.15997942386831276
    }
}