{
    "timestamp": "2025-12-24T10:55:18.877230",
    "client_id": 0,
    "round": 1,
    "accepted": true,
    "communication_type": "full_model",
    "size_bytes": 82140,
    "size_mb": 0.07833480834960938,
    "metrics": {
        "val_accuracy": 0.7514893617021277,
        "val_precision": 0.7460668264908601,
        "val_recall": 0.7930518617021276,
        "val_f1": 0.7683412135539796,
        "val_fpr": 0.17671783625730994
    }
}