{
    "timestamp": "2025-12-24T10:55:36.516982",
    "client_id": 48,
    "round": 1,
    "accepted": true,
    "communication_type": "full_model",
    "size_bytes": 82140,
    "size_mb": 0.07833480834960938,
    "metrics": {
        "val_accuracy": 0.7441666666666666,
        "val_precision": 0.7302489177489178,
        "val_recall": 0.8048469387755102,
        "val_f1": 0.7644906323185012,
        "val_fpr": 0.22148541114058354
    }
}