{
    "timestamp": "2025-12-24T10:56:46.604482",
    "client_id": 72,
    "round": 1,
    "accepted": true,
    "communication_type": "full_model",
    "size_bytes": 82140,
    "size_mb": 0.07833480834960938,
    "metrics": {
        "val_accuracy": 0.7541441441441441,
        "val_precision": 0.751987281399046,
        "val_recall": 0.7844950213371266,
        "val_f1": 0.7676636026889834,
        "val_fpr": 0.1456635318704284
    }
}