{
    "timestamp": "2025-12-24T10:57:35.625230",
    "client_id": 83,
    "round": 1,
    "accepted": true,
    "communication_type": "full_model",
    "size_bytes": 82140,
    "size_mb": 0.07833480834960938,
    "metrics": {
        "val_accuracy": 0.7665591397849463,
        "val_precision": 0.7600838606780882,
        "val_recall": 0.8015678657884366,
        "val_f1": 0.7798924731182796,
        "val_fpr": 0.152234952894228
    }
}