{
    "timestamp": "2025-12-24T10:55:18.248208",
    "client_id": 3,
    "round": 1,
    "accepted": true,
    "communication_type": "full_model",
    "size_bytes": 82140,
    "size_mb": 0.07833480834960938,
    "metrics": {
        "val_accuracy": 0.7368794326241135,
        "val_precision": 0.7277709054923305,
        "val_recall": 0.7795877659574468,
        "val_f1": 0.7522152229599038,
        "val_fpr": 0.17156546080964685
    }
}