{
    "timestamp": "2025-12-24T10:56:27.330406",
    "client_id": 21,
    "round": 1,
    "accepted": true,
    "communication_type": "full_model",
    "size_bytes": 82140,
    "size_mb": 0.07833480834960938,
    "metrics": {
        "val_accuracy": 0.7464414414414415,
        "val_precision": 0.7411224621750938,
        "val_recall": 0.7844238975817923,
        "val_f1": 0.7617421933211407,
        "val_fpr": 0.1685038538697075
    }
}