{
    "timestamp": "2025-12-24T10:57:35.966190",
    "client_id": 23,
    "round": 1,
    "accepted": true,
    "communication_type": "full_model",
    "size_bytes": 82140,
    "size_mb": 0.07833480834960938,
    "metrics": {
        "val_accuracy": 0.7604964539007092,
        "val_precision": 0.7525090325170614,
        "val_recall": 0.7982047872340425,
        "val_f1": 0.7742258268380029,
        "val_fpr": 0.1587475633528265
    }
}