{
    "timestamp": "2025-12-24T10:57:23.340304",
    "client_id": 63,
    "round": 1,
    "accepted": true,
    "communication_type": "full_model",
    "size_bytes": 82140,
    "size_mb": 0.07833480834960938,
    "metrics": {
        "val_accuracy": 0.7410204081632653,
        "val_precision": 0.730844969566774,
        "val_recall": 0.7910204081632652,
        "val_f1": 0.7589643333969103,
        "val_fpr": 0.20184549356223175
    }
}