{
    "timestamp": "2025-12-24T10:58:23.909851",
    "client_id": 34,
    "round": 1,
    "accepted": true,
    "communication_type": "full_model",
    "size_bytes": 82140,
    "size_mb": 0.07833480834960938,
    "metrics": {
        "val_accuracy": 0.7511224489795918,
        "val_precision": 0.7433421799212958,
        "val_recall": 0.7936224489795918,
        "val_f1": 0.7671153567810103,
        "val_fpr": 0.17769841269841272
    }
}