{
    "timestamp": "2025-12-24T10:55:26.852677",
    "client_id": 29,
    "round": 1,
    "accepted": true,
    "communication_type": "full_model",
    "size_bytes": 82140,
    "size_mb": 0.07833480834960938,
    "metrics": {
        "val_accuracy": 0.7701366120218579,
        "val_precision": 0.7520772512912643,
        "val_recall": 0.8224770375537728,
        "val_f1": 0.7845960714813174,
        "val_fpr": 0.17584683357879233
    }
}