{
    "timestamp": "2025-12-24T10:56:19.915405",
    "client_id": 26,
    "round": 1,
    "accepted": true,
    "communication_type": "full_model",
    "size_bytes": 82140,
    "size_mb": 0.07833480834960938,
    "metrics": {
        "val_accuracy": 0.7782456140350877,
        "val_precision": 0.769078947368421,
        "val_recall": 0.8186923494302767,
        "val_f1": 0.7925545571245185,
        "val_fpr": 0.16491717601204714
    }
}