{
    "timestamp": "2025-12-24T10:58:19.883901",
    "client_id": 51,
    "round": 1,
    "accepted": true,
    "communication_type": "full_model",
    "size_bytes": 82140,
    "size_mb": 0.07833480834960938,
    "metrics": {
        "val_accuracy": 0.7458199643493761,
        "val_precision": 0.7293616310160428,
        "val_recall": 0.8022510289218019,
        "val_f1": 0.7629083177630307,
        "val_fpr": 0.19563817801384195
    }
}