{
    "timestamp": "2025-12-24T10:55:59.818574",
    "client_id": 93,
    "round": 1,
    "accepted": true,
    "communication_type": "full_model",
    "size_bytes": 82140,
    "size_mb": 0.07833480834960938,
    "metrics": {
        "val_accuracy": 0.7857853403141362,
        "val_precision": 0.7764610159898118,
        "val_recall": 0.8354007249295208,
        "val_f1": 0.8040227503860786,
        "val_fpr": 0.18909352978859706
    }
}