{
    "timestamp": "2025-12-24T10:57:50.958307",
    "client_id": 47,
    "round": 1,
    "accepted": true,
    "communication_type": "full_model",
    "size_bytes": 82140,
    "size_mb": 0.07833480834960938,
    "metrics": {
        "val_accuracy": 0.7499568221070811,
        "val_precision": 0.7352813058828924,
        "val_recall": 0.8031619503122094,
        "val_f1": 0.7667224594784192,
        "val_fpr": 0.1944036829233204
    }
}