{
    "timestamp": "2025-12-24T10:58:17.837596",
    "client_id": 39,
    "round": 1,
    "accepted": true,
    "communication_type": "full_model",
    "size_bytes": 82140,
    "size_mb": 0.07833480834960938,
    "metrics": {
        "val_accuracy": 0.7374603174603174,
        "val_precision": 0.7329854316155686,
        "val_recall": 0.7889629081338926,
        "val_f1": 0.7592078902758514,
        "val_fpr": 0.2105609517201975
    }
}