{
    "timestamp": "2025-12-24T10:57:55.813734",
    "client_id": 4,
    "round": 1,
    "accepted": true,
    "communication_type": "full_model",
    "size_bytes": 82140,
    "size_mb": 0.07833480834960938,
    "metrics": {
        "val_accuracy": 0.7271212121212121,
        "val_precision": 0.7227673207849419,
        "val_recall": 0.7756525652565256,
        "val_f1": 0.7476689976689976,
        "val_fpr": 0.21090936374549818
    }
}