{
    "timestamp": "2025-12-24T10:57:48.666821",
    "client_id": 16,
    "round": 1,
    "accepted": true,
    "communication_type": "full_model",
    "size_bytes": 82140,
    "size_mb": 0.07833480834960938,
    "metrics": {
        "val_accuracy": 0.7134375,
        "val_precision": 0.7036176801801801,
        "val_recall": 0.7606823979591837,
        "val_f1": 0.7303752990430623,
        "val_fpr": 0.19435096153846154
    }
}