{
    "timestamp": "2025-12-24T10:57:44.880142",
    "client_id": 94,
    "round": 1,
    "accepted": true,
    "communication_type": "full_model",
    "size_bytes": 82140,
    "size_mb": 0.07833480834960938,
    "metrics": {
        "val_accuracy": 0.7731205673758865,
        "val_precision": 0.7734146850229453,
        "val_recall": 0.8011414007092199,
        "val_f1": 0.7868579411132602,
        "val_fpr": 0.14284511784511783
    }
}