{
    "timestamp": "2025-12-24T10:56:41.465470",
    "client_id": 87,
    "round": 1,
    "accepted": true,
    "communication_type": "full_model",
    "size_bytes": 82140,
    "size_mb": 0.07833480834960938,
    "metrics": {
        "val_accuracy": 0.7568270944741533,
        "val_precision": 0.7400246812011518,
        "val_recall": 0.8075426267603663,
        "val_f1": 0.771325476351176,
        "val_fpr": 0.1812987511619448
    }
}