{
    "timestamp": "2025-12-24T10:57:13.208985",
    "client_id": 14,
    "round": 1,
    "accepted": true,
    "communication_type": "full_model",
    "size_bytes": 82140,
    "size_mb": 0.07833480834960938,
    "metrics": {
        "val_accuracy": 0.7484293193717277,
        "val_precision": 0.733406897847064,
        "val_recall": 0.7958652168076252,
        "val_f1": 0.7625441519076128,
        "val_fpr": 0.17980704741268122
    }
}