{
    "timestamp": "2025-12-24T10:57:40.237479",
    "client_id": 55,
    "round": 1,
    "accepted": true,
    "communication_type": "full_model",
    "size_bytes": 82140,
    "size_mb": 0.07833480834960938,
    "metrics": {
        "val_accuracy": 0.7455181347150259,
        "val_precision": 0.7352028193997107,
        "val_recall": 0.7903658504510666,
        "val_f1": 0.7611386597746919,
        "val_fpr": 0.18221911022395937
    }
}