{
    "timestamp": "2025-12-24T10:56:55.122632",
    "client_id": 44,
    "round": 1,
    "accepted": true,
    "communication_type": "full_model",
    "size_bytes": 82140,
    "size_mb": 0.07833480834960938,
    "metrics": {
        "val_accuracy": 0.7588413547237076,
        "val_precision": 0.7533070644525752,
        "val_recall": 0.7945656130134109,
        "val_f1": 0.7730080213903743,
        "val_fpr": 0.16149371722457415
    }
}