{
    "total_communication_events": 638,
    "accepted_clients": 633,
    "rejected_clients": 5,
    "acceptance_rate": 0.9921630094043887,
    "communication_costs": {
        "actual_mb": 49.585933685302734,
        "actual_bytes": 51994620,
        "without_sa_mb": 49.97760772705078,
        "without_sa_bytes": 52405320.0,
        "average_model_size_mb": 0.07833480834960938,
        "average_model_size_bytes": 82140.0
    },
    "savings": {
        "saved_mb": 0.3916740417480469,
        "saved_bytes": 410700.0,
        "savings_percentage": 0.7836990595611284,
        "communication_reduction_factor": 1.0078988941548184
    },
    "time_analysis": {
        "assumed_network_speed_mbps": 10,
        "time_without_sa_seconds": 39.982086181640625,
        "time_with_sa_seconds": 39.66874694824219,
        "time_saved_seconds": 0.3133392333984375,
        "time_saved_minutes": 0.005222320556640625,
        "time_saved_hours": 8.703867594401042e-05,
        "time_savings_percentage": 0.7836990595611284
    },
    "round_wise_analysis": {
        "round_1": {
            "total_clients": 638,
            "accepted_clients": 633,
            "rejected_clients": 5,
            "acceptance_rate": 0.9921630094043887,
            "communication_mb": 49.585933685302734,
            "potential_communication_mb": 49.97760772705078,
            "round_savings_mb": 0.3916740417480469
        }
    }
}