{
    "round": 9,
    "timestamp": "2025-12-24T10:55:06.778340",
    "total_clients": 100,
    "accepted_clients": 99,
    "rejected_clients": 1,
    "acceptance_rate": 0.99,
    "model_size_mb": 0.07833480834960938,
    "communication_saved_mb": 0.07833480834960938
}