{
    "round": 10,
    "timestamp": "2025-12-24T10:58:44.959431",
    "total_clients": 100,
    "accepted_clients": 100,
    "rejected_clients": 0,
    "acceptance_rate": 1.0,
    "model_size_mb": 0.07833480834960938,
    "communication_saved_mb": 0.0
}