{
    "timestamp": "2026-01-11T21:51:07.880987",
    "client_id": 4,
    "round": 1,
    "accepted": true,
    "communication_type": "full_model",
    "size_bytes": 48616,
    "size_mb": 0.04636383056640625,
    "metrics": {
        "val_accuracy": 0.8317698184166924,
        "val_precision": 0.8378608757759884,
        "val_recall": 0.8435574689293788,
        "val_f1": 0.8406918399191541,
        "val_fpr": 0.08608210633286836
    }
}