{
    "timestamp": "2026-01-10T23:50:37.516957",
    "client_id": 6,
    "round": 1,
    "accepted": true,
    "communication_type": "full_model",
    "size_bytes": 48616,
    "size_mb": 0.04636383056640625,
    "metrics": {
        "val_accuracy": 0.8386240520132393,
        "val_precision": 0.848269929326638,
        "val_recall": 0.848269929326638,
        "val_f1": 0.848269929326638,
        "val_fpr": 0.08522765421816451
    }
}