{
    "timestamp": "2026-01-11T21:52:16.278965",
    "client_id": 7,
    "round": 1,
    "accepted": true,
    "communication_type": "full_model",
    "size_bytes": 48616,
    "size_mb": 0.04636383056640625,
    "metrics": {
        "val_accuracy": 0.8403743457843034,
        "val_precision": 0.851228236441072,
        "val_recall": 0.846927411359812,
        "val_f1": 0.8490679394709908,
        "val_fpr": 0.07616578777796773
    }
}