{
    "timestamp": "2026-01-11T21:51:43.332171",
    "client_id": 5,
    "round": 1,
    "accepted": true,
    "communication_type": "full_model",
    "size_bytes": 48616,
    "size_mb": 0.04636383056640625,
    "metrics": {
        "val_accuracy": 0.843710767309996,
        "val_precision": 0.8512267155299624,
        "val_recall": 0.8509860973131076,
        "val_f1": 0.8511063758318813,
        "val_fpr": 0.07202736293295106
    }
}