{
    "timestamp": "2026-01-10T23:51:23.411977",
    "client_id": 9,
    "round": 1,
    "accepted": true,
    "communication_type": "full_model",
    "size_bytes": 48616,
    "size_mb": 0.04636383056640625,
    "metrics": {
        "val_accuracy": 0.8430419148070885,
        "val_precision": 0.8566372260900086,
        "val_recall": 0.8475775293368133,
        "val_f1": 0.8520633986029584,
        "val_fpr": 0.07396958647451814
    }
}