{
    "timestamp": "2026-01-11T21:48:58.643239",
    "client_id": 1,
    "round": 1,
    "accepted": true,
    "communication_type": "full_model",
    "size_bytes": 48616,
    "size_mb": 0.04636383056640625,
    "metrics": {
        "val_accuracy": 0.8280235937995968,
        "val_precision": 0.8343976633037833,
        "val_recall": 0.8396051029409937,
        "val_f1": 0.8369869107029825,
        "val_fpr": 0.0869344501325718
    }
}