{
    "timestamp": "2026-01-11T20:00:36.891378",
    "client_id": 4,
    "round": 1,
    "accepted": true,
    "communication_type": "full_model",
    "size_bytes": 48616,
    "size_mb": 0.04636383056640625,
    "metrics": {
        "val_accuracy": 0.8333889661843332,
        "val_precision": 0.8447002230341366,
        "val_recall": 0.8376892104468128,
        "val_f1": 0.8411685898624186,
        "val_fpr": 0.06985815960078123
    }
}