{
    "timestamp": "2026-01-11T20:00:50.273474",
    "client_id": 5,
    "round": 1,
    "accepted": true,
    "communication_type": "full_model",
    "size_bytes": 48616,
    "size_mb": 0.04636383056640625,
    "metrics": {
        "val_accuracy": 0.8441277063426644,
        "val_precision": 0.8535862222389332,
        "val_recall": 0.8499745028443322,
        "val_f1": 0.8517734506009695,
        "val_fpr": 0.07079631492898694
    }
}