{
    "timestamp": "2026-01-10T23:51:20.919267",
    "client_id": 8,
    "round": 1,
    "accepted": true,
    "communication_type": "full_model",
    "size_bytes": 48616,
    "size_mb": 0.04636383056640625,
    "metrics": {
        "val_accuracy": 0.8238246177069226,
        "val_precision": 0.8342156788641919,
        "val_recall": 0.8320835344254709,
        "val_f1": 0.8331471695988638,
        "val_fpr": 0.08337671135354457
    }
}