{
    "round": 5,
    "timestamp": "2026-01-11T19:02:03.991548",
    "analysis": {
        "total_communication_events": 50,
        "accepted_clients": 49,
        "rejected_clients": 1,
        "acceptance_rate": 0.98,
        "communication_costs": {
            "actual_mb": 2.2718276977539062,
            "actual_bytes": 2382184,
            "without_sa_mb": 2.3181915283203125,
            "without_sa_bytes": 2430800.0,
            "average_model_size_mb": 0.04636383056640625,
            "average_model_size_bytes": 48616.0
        },
        "savings": {
            "saved_mb": 0.04636383056640625,
            "saved_bytes": 48616.0,
            "savings_percentage": 2.0,
            "communication_reduction_factor": 1.0204081632653061
        },
        "time_analysis": {
            "assumed_network_speed_mbps": 10,
            "time_without_sa_seconds": 1.85455322265625,
            "time_with_sa_seconds": 1.817462158203125,
            "time_saved_seconds": 0.037091064453125044,
            "time_saved_minutes": 0.0006181844075520841,
            "time_saved_hours": 1.0303073459201402e-05,
            "time_savings_percentage": 2.0000000000000027
        },
        "round_wise_analysis": {
            "round_1": {
                "total_clients": 50,
                "accepted_clients": 49,
                "rejected_clients": 1,
                "acceptance_rate": 0.98,
                "communication_mb": 2.2718276977539062,
                "potential_communication_mb": 2.3181915283203125,
                "round_savings_mb": 0.04636383056640625
            }
        }
    }
}