{
    "top_20_features": [
        "sttl",
        "ct_state_ttl",
        "state",
        "dur",
        "dload",
        "sload",
        "dmean",
        "sinpkt",
        "ct_dst_sport_ltm",
        "spkts",
        "rate",
        "sloss",
        "dpkts",
        "ct_src_dport_ltm",
        "sbytes",
        "dloss",
        "dbytes",
        "smean",
        "proto",
        "ct_dst_src_ltm"
    ],
    "scaler": {
        "mean": [
            0.7313099997280466,
            0.2291955617198335,
            0.43973647711511793,
            0.02455224921460361,
            0.025408921639293064,
            0.01139525700970503,
            0.07903374942209891,
            0.011589692933729107,
            0.0716597318539066,
            0.0014772551822171427,
            0.09460611203679291,
            0.0006289441014195435,
            0.0015906388461800704,
            0.08119709216127025,
            0.0003044279787274794,
            0.0011684788015353803,
            0.0009262736124267287,
            0.07355962064699927,
            0.8338849661665197,
            0.12177097780859916
        ],
        "scale": [
            0.39303497093614015,
            0.16930591805047118,
            0.0940427347796899,
            0.11243062963210991,
            0.09875799812844827,
            0.027126895849117826,
            0.16984216182550457,
            0.08446638385675363,
            0.1353740186765725,
            0.0044280704136538986,
            0.16462892189650508,
            0.0028290694743293857,
            0.009251538405475749,
            0.1508457570854597,
            0.002273508191206207,
            0.008908828827640597,
            0.00916177283461561,
            0.1342020431153198,
            0.16394980271913107,
            0.17921478143122171
        ],
        "feature_names": [
            "sttl",
            "ct_state_ttl",
            "state",
            "dur",
            "dload",
            "sload",
            "dmean",
            "sinpkt",
            "ct_dst_sport_ltm",
            "spkts",
            "rate",
            "sloss",
            "dpkts",
            "ct_src_dport_ltm",
            "sbytes",
            "dloss",
            "dbytes",
            "smean",
            "proto",
            "ct_dst_src_ltm"
        ]
    },
    "attack_encoder": {
        "classes": [
            0,
            1,
            2,
            3,
            4,
            5,
            6,
            7,
            8,
            9
        ],
        "is_global_encoder": true,
        "all_possible_attack_classes": [
            0,
            1,
            2,
            3,
            4,
            5,
            6,
            7,
            8,
            9
        ]
    },
    "global_attack_mapping": {
        "1": 0,
        "2": 1,
        "3": 2,
        "4": 3,
        "5": 4,
        "6": 5,
        "7": 6,
        "8": 7,
        "9": 8
    },
    "feature_selection_method": "predefined_features",
    "num_selected_features": 20,
    "data_preprocessing_order": [
        "predefined_feature_selection",
        "train_test_split",
        "standard_scaling",
        "label_encoding",
        "multiclass_smote",
        "binary_smote",
        "sequencing"
    ],
    "sequence_length": 10,
    "test_size": 0.3,
    "random_state": 42
}