{
    "top_20_features": [
        "sttl",
        "ct_state_ttl",
        "state",
        "dur",
        "dload",
        "sload",
        "dmean",
        "sinpkt",
        "ct_dst_sport_ltm",
        "spkts",
        "rate",
        "sloss",
        "dpkts",
        "ct_src_dport_ltm",
        "sbytes",
        "dloss",
        "dbytes",
        "smean",
        "proto",
        "ct_dst_src_ltm"
    ],
    "scaler": {
        "mean": [
            0.7084344029385266,
            0.21971954628410376,
            0.4356296347633239,
            0.019737449522267716,
            0.029047782999128358,
            0.011997174368107662,
            0.07946681451706054,
            0.009818379330027114,
            0.0654114784269334,
            0.0016389674505061498,
            0.09177255856130558,
            0.0007835789434677064,
            0.0017339364446519899,
            0.0712597474912831,
            0.00046007380689479184,
            0.0012980537009688702,
            0.0010543021340957532,
            0.07779284586409124,
            0.8356172438922456,
            0.11358202231616883
        ],
        "scale": [
            0.4006722269649494,
            0.16302279949287277,
            0.09244554162727191,
            0.09661891943831862,
            0.10712982989646434,
            0.030684949020981612,
            0.16661954013508837,
            0.07810084731964077,
            0.12658595494607477,
            0.008957603424133202,
            0.1621735479623236,
            0.00818655239850914,
            0.01315230504838303,
            0.13733606801657672,
            0.007934960354597875,
            0.012906831218684639,
            0.013090668114819504,
            0.14055759220832695,
            0.15883801004757586,
            0.17292866790561964
        ],
        "feature_names": [
            "sttl",
            "ct_state_ttl",
            "state",
            "dur",
            "dload",
            "sload",
            "dmean",
            "sinpkt",
            "ct_dst_sport_ltm",
            "spkts",
            "rate",
            "sloss",
            "dpkts",
            "ct_src_dport_ltm",
            "sbytes",
            "dloss",
            "dbytes",
            "smean",
            "proto",
            "ct_dst_src_ltm"
        ]
    },
    "attack_encoder": {
        "classes": [
            0,
            1,
            2,
            3,
            4,
            5,
            6,
            7,
            8,
            9
        ],
        "is_global_encoder": true,
        "all_possible_attack_classes": [
            0,
            1,
            2,
            3,
            4,
            5,
            6,
            7,
            8,
            9
        ]
    },
    "global_attack_mapping": {
        "1": 0,
        "2": 1,
        "3": 2,
        "4": 3,
        "5": 4,
        "6": 5,
        "7": 6,
        "8": 7,
        "9": 8
    },
    "feature_selection_method": "predefined_features",
    "num_selected_features": 20,
    "data_preprocessing_order": [
        "predefined_feature_selection",
        "train_test_split",
        "standard_scaling",
        "label_encoding",
        "multiclass_smote",
        "binary_smote",
        "sequencing"
    ],
    "sequence_length": 10,
    "test_size": 0.3,
    "random_state": 42
}