{
    "top_20_features": [
        "sttl",
        "ct_state_ttl",
        "state",
        "dur",
        "dload",
        "sload",
        "dmean",
        "sinpkt",
        "ct_dst_sport_ltm",
        "spkts",
        "rate",
        "sloss",
        "dpkts",
        "ct_src_dport_ltm",
        "sbytes",
        "dloss",
        "dbytes",
        "smean",
        "proto",
        "ct_dst_src_ltm"
    ],
    "scaler": {
        "mean": [
            0.7002801120448178,
            0.21717521960240405,
            0.43273231622746183,
            0.022009248737065553,
            0.03377221317171363,
            0.0137438131317744,
            0.081127600554785,
            0.013638604875463815,
            0.06389274156264448,
            0.0014084607972982264,
            0.0972382003735228,
            0.0005837028901441306,
            0.0015149840545882495,
            0.07051987182552967,
            0.00024640756941519964,
            0.0011063966753195216,
            0.0008607086744465852,
            0.07814877984780895,
            0.8270289580969193,
            0.11089199029126214
        ],
        "scale": [
            0.4048272031383071,
            0.15864700990495154,
            0.0926383011307022,
            0.10934771870033452,
            0.11938563727672222,
            0.04309905030207957,
            0.16895576567439705,
            0.09282703506407364,
            0.12526785904015486,
            0.0034815805112216225,
            0.17267423745193863,
            0.0017812448613670094,
            0.005792593384196216,
            0.1385471260288122,
            0.0010334811556536763,
            0.005459209327598936,
            0.005830439093227963,
            0.13763528064562064,
            0.17220897721815182,
            0.1722107778396941
        ],
        "feature_names": [
            "sttl",
            "ct_state_ttl",
            "state",
            "dur",
            "dload",
            "sload",
            "dmean",
            "sinpkt",
            "ct_dst_sport_ltm",
            "spkts",
            "rate",
            "sloss",
            "dpkts",
            "ct_src_dport_ltm",
            "sbytes",
            "dloss",
            "dbytes",
            "smean",
            "proto",
            "ct_dst_src_ltm"
        ]
    },
    "attack_encoder": {
        "classes": [
            0,
            1,
            2,
            3,
            4,
            5,
            6,
            7,
            8,
            9
        ],
        "is_global_encoder": true,
        "all_possible_attack_classes": [
            0,
            1,
            2,
            3,
            4,
            5,
            6,
            7,
            8,
            9
        ]
    },
    "global_attack_mapping": {
        "1": 0,
        "2": 1,
        "3": 2,
        "4": 3,
        "5": 4,
        "6": 5,
        "7": 6,
        "8": 7,
        "9": 8
    },
    "feature_selection_method": "predefined_features",
    "num_selected_features": 20,
    "data_preprocessing_order": [
        "predefined_feature_selection",
        "train_test_split",
        "standard_scaling",
        "label_encoding",
        "multiclass_smote",
        "binary_smote",
        "sequencing"
    ],
    "sequence_length": 10,
    "test_size": 0.3,
    "random_state": 42
}