{
    "top_20_features": [
        "sttl",
        "ct_state_ttl",
        "state",
        "dur",
        "dload",
        "sload",
        "dmean",
        "sinpkt",
        "ct_dst_sport_ltm",
        "spkts",
        "rate",
        "sloss",
        "dpkts",
        "ct_src_dport_ltm",
        "sbytes",
        "dloss",
        "dbytes",
        "smean",
        "proto",
        "ct_dst_src_ltm"
    ],
    "scaler": {
        "mean": [
            0.689929564058633,
            0.2164817383263985,
            0.4368932038834951,
            0.01848445413365687,
            0.033367009156821774,
            0.012358192836658559,
            0.08841054091539527,
            0.012399397162563513,
            0.06426259824318076,
            0.0023734714259004033,
            0.08822580995648233,
            0.0014893093844352623,
            0.0020341823705956703,
            0.0692524750107609,
            0.001127796753116859,
            0.0014921117921535493,
            0.0012500353125880128,
            0.08122212017843082,
            0.8400107174379019,
            0.11092449722607489
        ],
        "scale": [
            0.40667498463041224,
            0.16055472784306868,
            0.08772546364564461,
            0.0926569406036829,
            0.11742330556276147,
            0.03430957634771208,
            0.1755864191416682,
            0.08929100435580206,
            0.12823392211796447,
            0.02023015676129958,
            0.15303963798800946,
            0.01993203740512266,
            0.01661936543950839,
            0.1349313939455197,
            0.019487295152039938,
            0.016288192702071373,
            0.016413717843388687,
            0.14857330736146218,
            0.15209178743356266,
            0.16999847334308896
        ],
        "feature_names": [
            "sttl",
            "ct_state_ttl",
            "state",
            "dur",
            "dload",
            "sload",
            "dmean",
            "sinpkt",
            "ct_dst_sport_ltm",
            "spkts",
            "rate",
            "sloss",
            "dpkts",
            "ct_src_dport_ltm",
            "sbytes",
            "dloss",
            "dbytes",
            "smean",
            "proto",
            "ct_dst_src_ltm"
        ]
    },
    "attack_encoder": {
        "classes": [
            0,
            1,
            2,
            3,
            4,
            5,
            6,
            7,
            8,
            9
        ],
        "is_global_encoder": true,
        "all_possible_attack_classes": [
            0,
            1,
            2,
            3,
            4,
            5,
            6,
            7,
            8,
            9
        ]
    },
    "global_attack_mapping": {
        "1": 0,
        "2": 1,
        "3": 2,
        "4": 3,
        "5": 4,
        "6": 5,
        "7": 6,
        "8": 7,
        "9": 8
    },
    "feature_selection_method": "predefined_features",
    "num_selected_features": 20,
    "data_preprocessing_order": [
        "predefined_feature_selection",
        "train_test_split",
        "standard_scaling",
        "label_encoding",
        "multiclass_smote",
        "binary_smote",
        "sequencing"
    ],
    "sequence_length": 10,
    "test_size": 0.3,
    "random_state": 42
}