{
    "top_20_features": [
        "sttl",
        "ct_state_ttl",
        "state",
        "dur",
        "dload",
        "sload",
        "dmean",
        "sinpkt",
        "ct_dst_sport_ltm",
        "spkts",
        "rate",
        "sloss",
        "dpkts",
        "ct_src_dport_ltm",
        "sbytes",
        "dloss",
        "dbytes",
        "smean",
        "proto",
        "ct_dst_src_ltm"
    ],
    "scaler": {
        "mean": [
            0.7125560903973239,
            0.22110494683310217,
            0.4356449375866852,
            0.016419851016818695,
            0.02514748489630367,
            0.011081726824297509,
            0.07598381877022652,
            0.009378450706010615,
            0.07378640776699028,
            0.0012383640747382946,
            0.097254163696515,
            0.0005294655878658246,
            0.0012330723977332086,
            0.08096991726050981,
            0.0002461986905313083,
            0.0008505125364338717,
            0.0006204093924762946,
            0.07168253551748695,
            0.845400958265036,
            0.12676621012482664
        ],
        "scale": [
            0.3993771653133018,
            0.16857194722661217,
            0.09613851761227352,
            0.07795680873933104,
            0.09855963159267615,
            0.025888977829232714,
            0.1591888846196056,
            0.07543558263959986,
            0.13315596743419347,
            0.00317579759517917,
            0.17657757955533535,
            0.0015138560904452978,
            0.005018210606842539,
            0.14828464834576904,
            0.0013682000166925338,
            0.00463035499992356,
            0.004857135908481423,
            0.1284166575237729,
            0.14172524083705215,
            0.18457897144876537
        ],
        "feature_names": [
            "sttl",
            "ct_state_ttl",
            "state",
            "dur",
            "dload",
            "sload",
            "dmean",
            "sinpkt",
            "ct_dst_sport_ltm",
            "spkts",
            "rate",
            "sloss",
            "dpkts",
            "ct_src_dport_ltm",
            "sbytes",
            "dloss",
            "dbytes",
            "smean",
            "proto",
            "ct_dst_src_ltm"
        ]
    },
    "attack_encoder": {
        "classes": [
            0,
            1,
            2,
            3,
            4,
            5,
            6,
            7,
            8,
            9
        ],
        "is_global_encoder": true,
        "all_possible_attack_classes": [
            0,
            1,
            2,
            3,
            4,
            5,
            6,
            7,
            8,
            9
        ]
    },
    "global_attack_mapping": {
        "1": 0,
        "2": 1,
        "3": 2,
        "4": 3,
        "5": 4,
        "6": 5,
        "7": 6,
        "8": 7,
        "9": 8
    },
    "feature_selection_method": "predefined_features",
    "num_selected_features": 20,
    "data_preprocessing_order": [
        "predefined_feature_selection",
        "train_test_split",
        "standard_scaling",
        "label_encoding",
        "multiclass_smote",
        "binary_smote",
        "sequencing"
    ],
    "sequence_length": 10,
    "test_size": 0.3,
    "random_state": 42
}