{
    "top_20_features": [
        "sttl",
        "ct_state_ttl",
        "state",
        "dur",
        "dload",
        "sload",
        "dmean",
        "sinpkt",
        "ct_dst_sport_ltm",
        "spkts",
        "rate",
        "sloss",
        "dpkts",
        "ct_src_dport_ltm",
        "sbytes",
        "dloss",
        "dbytes",
        "smean",
        "proto",
        "ct_dst_src_ltm"
    ],
    "scaler": {
        "mean": [
            0.7077031782914135,
            0.22360822360822358,
            0.4352737352737353,
            0.024611177606310417,
            0.027018350797202082,
            0.011281452590869757,
            0.0774118734118734,
            0.016314765094086844,
            0.06885346885346884,
            0.0019245172838408798,
            0.08992231150888469,
            0.0010312277655762888,
            0.0017269038870055202,
            0.07471264367816091,
            0.0007334419170791232,
            0.0012673342980224881,
            0.0010585158839663533,
            0.07827676949298569,
            0.8264400764400766,
            0.11450753638253638
        ],
        "scale": [
            0.40302763242333633,
            0.16710308273294242,
            0.09648919190375158,
            0.11392917419771814,
            0.10297980770035246,
            0.031334185008065736,
            0.1694946637741238,
            0.10122082871432411,
            0.13392751046658852,
            0.01165277733536573,
            0.16116071151972555,
            0.011000385322743087,
            0.007921209153304706,
            0.144389236184752,
            0.010993686700661441,
            0.007220465066736709,
            0.007619162037540674,
            0.14591138760086717,
            0.17749752819923587,
            0.17658340251549098
        ],
        "feature_names": [
            "sttl",
            "ct_state_ttl",
            "state",
            "dur",
            "dload",
            "sload",
            "dmean",
            "sinpkt",
            "ct_dst_sport_ltm",
            "spkts",
            "rate",
            "sloss",
            "dpkts",
            "ct_src_dport_ltm",
            "sbytes",
            "dloss",
            "dbytes",
            "smean",
            "proto",
            "ct_dst_src_ltm"
        ]
    },
    "attack_encoder": {
        "classes": [
            0,
            1,
            2,
            3,
            4,
            5,
            6,
            7,
            8,
            9
        ],
        "is_global_encoder": true,
        "all_possible_attack_classes": [
            0,
            1,
            2,
            3,
            4,
            5,
            6,
            7,
            8,
            9
        ]
    },
    "global_attack_mapping": {
        "1": 0,
        "2": 1,
        "3": 2,
        "4": 3,
        "5": 4,
        "6": 5,
        "7": 6,
        "8": 7,
        "9": 8
    },
    "feature_selection_method": "predefined_features",
    "num_selected_features": 20,
    "data_preprocessing_order": [
        "predefined_feature_selection",
        "train_test_split",
        "standard_scaling",
        "label_encoding",
        "multiclass_smote",
        "binary_smote",
        "sequencing"
    ],
    "sequence_length": 10,
    "test_size": 0.3,
    "random_state": 42
}