{
    "timestamp": "2026-01-09T08:05:38.734000",
    "client_id": 0,
    "round": 1,
    "accepted": true,
    "communication_type": "full_model",
    "size_bytes": 79960,
    "size_mb": 0.07625579833984375,
    "metrics": {
        "val_accuracy": 0.8386997831533607,
        "val_precision": 0.8562383466348362,
        "val_recall": 0.8397428581131268,
        "val_f1": 0.8478444183631931,
        "val_fpr": 0.06982246143657261
    }
}