{
    "timestamp": "2026-01-09T07:27:28.116034",
    "client_id": 2,
    "round": 1,
    "accepted": true,
    "communication_type": "full_model",
    "size_bytes": 26072,
    "size_mb": 0.02486419677734375,
    "metrics": {
        "val_accuracy": 0.750385517923875,
        "val_precision": 0.7431907455633588,
        "val_recall": 0.788674939551156,
        "val_f1": 0.7648059076083211,
        "val_fpr": 0.1633093436199796
    }
}