{
    "round": 8,
    "timestamp": "2026-01-09T07:23:08.741781",
    "total_clients": 10,
    "accepted_clients": 9,
    "rejected_clients": 1,
    "acceptance_rate": 0.9,
    "model_size_mb": 0.02486419677734375,
    "communication_saved_mb": 0.02486419677734375
}