{
    "round": 2,
    "timestamp": "2026-01-09T07:03:03.142630",
    "total_clients": 10,
    "accepted_clients": 8,
    "rejected_clients": 2,
    "acceptance_rate": 0.8,
    "model_size_mb": 0.02486419677734375,
    "communication_saved_mb": 0.0497283935546875
}