{
    "timestamp": "2026-01-09T08:08:28.148255",
    "client_id": 6,
    "round": 1,
    "accepted": true,
    "communication_type": "full_model",
    "size_bytes": 79960,
    "size_mb": 0.07625579833984375,
    "metrics": {
        "val_accuracy": 0.8358464473111626,
        "val_precision": 0.844114835271125,
        "val_recall": 0.8462374324498586,
        "val_f1": 0.8451737236441647,
        "val_fpr": 0.08563063689645968
    }
}