{
    "timestamp": "2026-01-09T08:10:01.793828",
    "client_id": 9,
    "round": 1,
    "accepted": true,
    "communication_type": "full_model",
    "size_bytes": 79960,
    "size_mb": 0.07625579833984375,
    "metrics": {
        "val_accuracy": 0.8442055747006262,
        "val_precision": 0.8597464841691624,
        "val_recall": 0.8455493844920775,
        "val_f1": 0.852540352917706,
        "val_fpr": 0.06633643769757067
    }
}