{
    "round": 10,
    "timestamp": "2026-01-09T08:10:01.919605",
    "total_clients": 10,
    "accepted_clients": 8,
    "rejected_clients": 2,
    "acceptance_rate": 0.8,
    "model_size_mb": 0.07625579833984375,
    "communication_saved_mb": 0.1525115966796875
}