{
    "timestamp": "2026-01-09T07:27:39.083318",
    "client_id": 0,
    "round": 1,
    "accepted": true,
    "communication_type": "full_model",
    "size_bytes": 26072,
    "size_mb": 0.02486419677734375,
    "metrics": {
        "val_accuracy": 0.7360177231152086,
        "val_precision": 0.7343926148386256,
        "val_recall": 0.7724406137517341,
        "val_f1": 0.7526162816294544,
        "val_fpr": 0.17200512015099328
    }
}