{
    "timestamp": "2026-01-09T16:25:52.485564",
    "client_id": 1,
    "round": 1,
    "accepted": true,
    "communication_type": "full_model",
    "size_bytes": 68632,
    "size_mb": 0.06545257568359375,
    "metrics": {
        "val_accuracy": 0.8212607913939506,
        "val_precision": 0.8311258278145695,
        "val_recall": 0.8299396301082216,
        "val_f1": 0.8305319745746579,
        "val_fpr": 0.08501275610551041
    }
}