{
    "total_communication_events": 100,
    "accepted_clients": 94,
    "rejected_clients": 6,
    "acceptance_rate": 0.94,
    "communication_costs": {
        "actual_mb": 6.1525421142578125,
        "actual_bytes": 6451408,
        "without_sa_mb": 6.545257568359375,
        "without_sa_bytes": 6863200.0,
        "average_model_size_mb": 0.06545257568359375,
        "average_model_size_bytes": 68632.0
    },
    "savings": {
        "saved_mb": 0.3927154541015625,
        "saved_bytes": 411792.0,
        "savings_percentage": 6.0,
        "communication_reduction_factor": 1.0638297872340425
    },
    "time_analysis": {
        "assumed_network_speed_mbps": 10,
        "time_without_sa_seconds": 5.2362060546875,
        "time_with_sa_seconds": 4.92203369140625,
        "time_saved_seconds": 0.31417236328124964,
        "time_saved_minutes": 0.005236206054687494,
        "time_saved_hours": 8.727010091145824e-05,
        "time_savings_percentage": 5.999999999999994
    },
    "round_wise_analysis": {
        "round_1": {
            "total_clients": 100,
            "accepted_clients": 94,
            "rejected_clients": 6,
            "acceptance_rate": 0.94,
            "communication_mb": 6.1525421142578125,
            "potential_communication_mb": 6.545257568359375,
            "round_savings_mb": 0.3927154541015625
        }
    }
}