{
    "top_20_features": [
        "sttl",
        "ct_state_ttl",
        "state",
        "dur",
        "dload",
        "sload",
        "dmean",
        "sinpkt",
        "ct_dst_sport_ltm",
        "spkts",
        "rate",
        "sloss",
        "dpkts",
        "ct_src_dport_ltm",
        "sbytes",
        "dloss",
        "dbytes",
        "smean",
        "proto",
        "ct_dst_src_ltm"
    ],
    "scaler": {
        "mean": [
            0.7032112616340457,
            0.22079377180215767,
            0.4354390463649595,
            0.02144035209579361,
            0.02990716599636362,
            0.011867000345192261,
            0.0812264190172569,
            0.01099389926703235,
            0.06626238824589369,
            0.0017656791530781554,
            0.08998427615524897,
            0.0009244428225097402,
            0.0016406472307658702,
            0.07109425223627701,
            0.0005990665715243145,
            0.001184915731026747,
            0.000940690541689074,
            0.07831635520058139,
            0.8336281415583516,
            0.11254894656594358
        ],
        "scale": [
            0.4025483526828207,
            0.16625704689256596,
            0.0945948034575499,
            0.10122856212282803,
            0.1092259503521373,
            0.031009433834364292,
            0.16884349013349925,
            0.08245253989872968,
            0.12867630668655547,
            0.012682542933739965,
            0.1580040685830808,
            0.012266254490715516,
            0.009254827090345629,
            0.13758351551898673,
            0.012019688068056748,
            0.008799883997417683,
            0.009029484238668608,
            0.1410794253022968,
            0.16207262432083516,
            0.17231387678268303
        ],
        "feature_names": [
            "sttl",
            "ct_state_ttl",
            "state",
            "dur",
            "dload",
            "sload",
            "dmean",
            "sinpkt",
            "ct_dst_sport_ltm",
            "spkts",
            "rate",
            "sloss",
            "dpkts",
            "ct_src_dport_ltm",
            "sbytes",
            "dloss",
            "dbytes",
            "smean",
            "proto",
            "ct_dst_src_ltm"
        ]
    },
    "attack_encoder": {
        "classes": [
            0,
            1,
            2,
            3,
            4,
            5,
            6,
            7,
            8,
            9
        ],
        "is_global_encoder": true,
        "all_possible_attack_classes": [
            0,
            1,
            2,
            3,
            4,
            5,
            6,
            7,
            8,
            9
        ]
    },
    "global_attack_mapping": {
        "1": 0,
        "2": 1,
        "3": 2,
        "4": 3,
        "5": 4,
        "6": 5,
        "7": 6,
        "8": 7,
        "9": 8
    },
    "feature_selection_method": "predefined_features",
    "num_selected_features": 20,
    "data_preprocessing_order": [
        "predefined_feature_selection",
        "train_test_split",
        "standard_scaling",
        "label_encoding",
        "multiclass_smote",
        "binary_smote",
        "sequencing"
    ],
    "sequence_length": 10,
    "test_size": 0.3,
    "random_state": 42
}