{
    "top_20_features": [
        "sttl",
        "ct_state_ttl",
        "state",
        "dur",
        "dload",
        "sload",
        "dmean",
        "sinpkt",
        "ct_dst_sport_ltm",
        "spkts",
        "rate",
        "sloss",
        "dpkts",
        "ct_src_dport_ltm",
        "sbytes",
        "dloss",
        "dbytes",
        "smean",
        "proto",
        "ct_dst_src_ltm"
    ],
    "scaler": {
        "mean": [
            0.7048469925082792,
            0.21952318247972832,
            0.4352831104026614,
            0.0200557538405503,
            0.028945437453732643,
            0.011651556059007143,
            0.08074283272114029,
            0.01069186662654351,
            0.06735124479250891,
            0.0016896033023624777,
            0.09027825532154196,
            0.0008570728579748371,
            0.0016475255097345486,
            0.07293322117096554,
            0.0005339434855922607,
            0.001202068907114746,
            0.0009552504160328642,
            0.0770860532373804,
            0.8344899896462721,
            0.11409585296971377
        ],
        "scale": [
            0.40187457515734903,
            0.16312788196276665,
            0.09278772488231049,
            0.09767637957093595,
            0.10605630654925496,
            0.030431959248133748,
            0.16797012026553862,
            0.08169570768967764,
            0.12960269709314967,
            0.01092868865647423,
            0.1580452907296232,
            0.010417466333720708,
            0.010659593658120935,
            0.13978578995090477,
            0.01016700018859135,
            0.010337482246481193,
            0.010521879509110675,
            0.14000503399398953,
            0.16150544049528207,
            0.17288675492557248
        ],
        "feature_names": [
            "sttl",
            "ct_state_ttl",
            "state",
            "dur",
            "dload",
            "sload",
            "dmean",
            "sinpkt",
            "ct_dst_sport_ltm",
            "spkts",
            "rate",
            "sloss",
            "dpkts",
            "ct_src_dport_ltm",
            "sbytes",
            "dloss",
            "dbytes",
            "smean",
            "proto",
            "ct_dst_src_ltm"
        ]
    },
    "attack_encoder": {
        "classes": [
            0,
            1,
            2,
            3,
            4,
            5,
            6,
            7,
            8,
            9
        ],
        "is_global_encoder": true,
        "all_possible_attack_classes": [
            0,
            1,
            2,
            3,
            4,
            5,
            6,
            7,
            8,
            9
        ]
    },
    "global_attack_mapping": {
        "1": 0,
        "2": 1,
        "3": 2,
        "4": 3,
        "5": 4,
        "6": 5,
        "7": 6,
        "8": 7,
        "9": 8
    },
    "feature_selection_method": "predefined_features",
    "num_selected_features": 20,
    "data_preprocessing_order": [
        "predefined_feature_selection",
        "train_test_split",
        "standard_scaling",
        "label_encoding",
        "multiclass_smote",
        "binary_smote",
        "sequencing"
    ],
    "sequence_length": 10,
    "test_size": 0.3,
    "random_state": 42
}