{
    "timestamp": "2026-01-10T23:50:32.333865",
    "client_id": 5,
    "round": 1,
    "accepted": true,
    "communication_type": "full_model",
    "size_bytes": 48616,
    "size_mb": 0.04636383056640625,
    "metrics": {
        "val_accuracy": 0.8411854095806043,
        "val_precision": 0.8491916090355618,
        "val_recall": 0.8489518958845415,
        "val_f1": 0.8490717219854582,
        "val_fpr": 0.07524186811113806
    }
}