{
    "timestamp": "2026-01-10T23:49:07.132496",
    "client_id": 1,
    "round": 1,
    "accepted": true,
    "communication_type": "full_model",
    "size_bytes": 48616,
    "size_mb": 0.04636383056640625,
    "metrics": {
        "val_accuracy": 0.8311050080065381,
        "val_precision": 0.8366749967313429,
        "val_recall": 0.8421457533474979,
        "val_f1": 0.839394483728209,
        "val_fpr": 0.08281533429987525
    }
}