{
    "E": 1.2915987256853718,
    "temp": 0.018270344949672817,
    "count": 11
}