{
    "val_accuracy": 0.8309433536702265,
    "val_f1": 0.8409910754823815,
    "val_fpr": 0.09237474554884509,
    "temp": 0.0,
    "prev_E": 0.8598209094615341,
    "theta": [
        0.0002258015189415934,
        -0.0001465421915794493,
        -0.00195137087694525
    ],
    "count": 7
}