{
    "val_accuracy": 0.8367330585167063,
    "val_f1": 0.846118386029927,
    "val_fpr": 0.08942290072870332,
    "temp": 0.0,
    "prev_E": 0.8644237150526403,
    "theta": [
        0.00038030325408033047,
        -0.00012667846259537224,
        -0.0032375997417566963
    ],
    "count": 6
}