{
    "E": 1.3176452634044256,
    "temp": 0.018270344949672817,
    "count": 12
}