{
    "E": 1.2938191010151097,
    "temp": 0.018270344949672817,
    "count": 12
}