{
    "E": 1.2945053924596137,
    "temp": 0.018270344949672817,
    "count": 14
}