{
    "E": 1.2878398441134946,
    "temp": 0.018270344949672817,
    "count": 12
}