{
    "E": 1.3168606981481008,
    "temp": 0.018270344949672817,
    "count": 13
}