{
    "E": 1.263777718991535,
    "temp": 0.018270344949672817,
    "count": 14
}