{
    "E": 1.3120662373671759,
    "temp": 0.018270344949672817,
    "count": 13
}