{
    "E": 1.2999934247522105,
    "temp": 0.018270344949672817,
    "count": 13
}