{
    "E": 1.288072477962403,
    "temp": 0.018270344949672817,
    "count": 12
}