{
    "val_accuracy": 0.8240404446230079,
    "val_f1": 0.8333000019121883,
    "val_fpr": 0.07238268365039521,
    "temp": 0.0,
    "prev_E": 0.8615904080208042,
    "theta": [
        0.00013436382105131038,
        -0.00022368575469746023,
        -0.0028486601942334638
    ],
    "count": 7
}