{
    "E": 1.2963325825928977,
    "temp": 0.018270344949672817,
    "count": 12
}