{
    "E": 1.2826903403185663,
    "temp": 0.018270344949672817,
    "count": 12
}