{
    "E": 1.2927939817557919,
    "temp": 0.018270344949672817,
    "count": 12
}