{
    "E": 1.2742402153926977,
    "temp": 0.018270344949672817,
    "count": 12
}