{
    "E": 1.3043067885082649,
    "temp": 0.018270344949672817,
    "count": 12
}