{
    "E": 1.2996116087333036,
    "temp": 0.018270344949672817,
    "count": 14
}