{
    "E": 1.2742158653127689,
    "temp": 0.018270344949672817,
    "count": 13
}