{
    "E": 1.310241454783878,
    "temp": 0.018270344949672817,
    "count": 12
}