{
    "E": 1.28203340221124,
    "temp": 0.018270344949672817,
    "count": 12
}