{
    "E": 1.30729739010989,
    "temp": 0.018270344949672817,
    "count": 13
}