{
    "E": 1.3007597540863975,
    "temp": 0.018270344949672817,
    "count": 13
}