{
    "E": 1.286490933491181,
    "temp": 0.018270344949672817,
    "count": 12
}