{
    "val_accuracy": 0.8372999523696119,
    "val_f1": 0.8461245531465229,
    "val_fpr": 0.07558959385768409,
    "temp": 0.0,
    "prev_E": 0.8692055843403649,
    "theta": [
        0.0006998369814093472,
        0.00022594487390848017,
        -0.003458688193575363
    ],
    "count": 6
}