{
    "E": 1.278779832963993,
    "temp": 0.018270344949672817,
    "count": 12
}