{
    "E": 1.2888151869477655,
    "temp": 0.018270344949672817,
    "count": 11
}