{
    "E": 1.3072554131994174,
    "temp": 0.018270344949672817,
    "count": 13
}