{
    "E": 1.2907102450909442,
    "temp": 0.018270344949672817,
    "count": 11
}