{
    "E": 1.294312313930808,
    "temp": 0.018270344949672817,
    "count": 14
}