{
    "E": 1.293396208850189,
    "temp": 0.018270344949672817,
    "count": 11
}