{
    "E": 1.293421854898944,
    "temp": 0.018270344949672817,
    "count": 13
}