{
    "E": 1.280579425320461,
    "temp": 0.018270344949672817,
    "count": 12
}