{
    "E": 1.2688865760739434,
    "temp": 0.018270344949672817,
    "count": 15
}