{
    "val_accuracy": 0.8332955629746517,
    "val_f1": 0.8425170012843035,
    "val_fpr": 0.07584899623607393,
    "temp": 0.0,
    "prev_E": 0.8666016740148228,
    "theta": [
        0.0002738728950652662,
        -5.773591612443459e-05,
        -0.002624036736293944
    ],
    "count": 7
}