{
    "E": 1.2632428705748033,
    "temp": 0.018270344949672817,
    "count": 12
}