{
    "E": 1.3174659030886866,
    "temp": 0.018270344949672817,
    "count": 13
}