{
    "E": 1.3137773331012037,
    "temp": 0.018270344949672817,
    "count": 11
}