{
    "E": 1.3210855283658471,
    "temp": 0.018270344949672817,
    "count": 13
}