{
    "E": 1.3022154854162333,
    "temp": 0.018270344949672817,
    "count": 13
}