{
    "E": 1.2732809144540527,
    "temp": 0.018270344949672817,
    "count": 13
}