{
    "E": 1.3165374205374205,
    "temp": 0.018270344949672817,
    "count": 10
}