{
    "E": 1.281967978934715,
    "temp": 0.018270344949672817,
    "count": 12
}