{
    "E": 1.2664216191760003,
    "temp": 0.018270344949672817,
    "count": 12
}