{
    "E": 1.2883031387569979,
    "temp": 0.018270344949672817,
    "count": 13
}