{
    "E": 1.3070293708290557,
    "temp": 0.018270344949672817,
    "count": 13
}