{
    "E": 1.3086783759958618,
    "temp": 0.018270344949672817,
    "count": 10
}