{
    "E": 1.2793629815211807,
    "temp": 0.018270344949672817,
    "count": 11
}