{
    "E": 1.2849386843081532,
    "temp": 0.018270344949672817,
    "count": 13
}