{
    "E": 1.2772067192679115,
    "temp": 0.018270344949672817,
    "count": 13
}