{
    "E": 1.2855546435104497,
    "temp": 0.018270344949672817,
    "count": 12
}