{
    "E": 1.2924096701612287,
    "temp": 0.018270344949672817,
    "count": 13
}