{
    "E": 1.2739108593132715,
    "temp": 0.018270344949672817,
    "count": 13
}