{
    "E": 1.2919850276451414,
    "temp": 0.018270344949672817,
    "count": 13
}