{
    "E": 1.2720889188039082,
    "temp": 0.018270344949672817,
    "count": 13
}