{
    "E": 1.3101485793638732,
    "temp": 0.018270344949672817,
    "count": 12
}