{
    "E": 1.2876661499670914,
    "temp": 0.018270344949672817,
    "count": 13
}