{
    "E": 1.3118073089335276,
    "temp": 0.018270344949672817,
    "count": 12
}