{
    "E": 1.2740734386089279,
    "temp": 0.018270344949672817,
    "count": 13
}