{
    "E": 1.271550553894468,
    "temp": 0.018270344949672817,
    "count": 11
}