{
    "E": 1.3045588283113931,
    "temp": 0.018270344949672817,
    "count": 13
}