{
    "E": 1.3179489730873724,
    "temp": 0.018270344949672817,
    "count": 13
}