{
    "E": 1.289569905852035,
    "temp": 0.018270344949672817,
    "count": 13
}