{
    "E": 1.330030880279645,
    "temp": 0.018270344949672817,
    "count": 14
}