{
    "E": 1.2571448528804579,
    "temp": 0.018270344949672817,
    "count": 11
}