{
    "E": 1.253747475758578,
    "temp": 0.018270344949672817,
    "count": 13
}