{
    "E": 1.304939754059312,
    "temp": 0.018270344949672817,
    "count": 14
}