{
    "E": 1.3114679311399888,
    "temp": 0.018270344949672817,
    "count": 12
}