{
    "E": 1.3076201707730677,
    "temp": 0.018270344949672817,
    "count": 11
}