{
    "E": 1.293308890389658,
    "temp": 0.018270344949672817,
    "count": 12
}