{
    "E": 1.2693761700771102,
    "temp": 0.018270344949672817,
    "count": 13
}