{
    "E": 1.298924173450869,
    "temp": 0.018270344949672817,
    "count": 11
}