{
    "E": 1.290133615735734,
    "temp": 0.018270344949672817,
    "count": 12
}