{
    "E": 1.3073901180101608,
    "temp": 0.018270344949672817,
    "count": 12
}