{
    "E": 1.3325983834974557,
    "temp": 0.018270344949672817,
    "count": 12
}