{
    "E": 1.2812727195652727,
    "temp": 0.018270344949672817,
    "count": 12
}