{
    "E": 1.3104954267786924,
    "temp": 0.018270344949672817,
    "count": 13
}