{
    "E": 1.3221535465539203,
    "temp": 0.018270344949672817,
    "count": 11
}