{
    "E": 1.284178677597681,
    "temp": 0.018270344949672817,
    "count": 11
}