{
    "E": 1.315403138373014,
    "temp": 0.018270344949672817,
    "count": 11
}