{
    "E": 1.2913887671253599,
    "temp": 0.018270344949672817,
    "count": 12
}