{
    "E": 1.342078124367844,
    "temp": 0.018270344949672817,
    "count": 14
}