{
    "E": 1.298684041039623,
    "temp": 0.018270344949672817,
    "count": 12
}