{
    "E": 1.2916708343136167,
    "temp": 0.018270344949672817,
    "count": 13
}