{
    "E": 1.2905741864131108,
    "temp": 0.018270344949672817,
    "count": 11
}