{
    "E": 1.2913919402770757,
    "temp": 0.018270344949672817,
    "count": 12
}