{
    "E": 1.2605787937374158,
    "temp": 0.018270344949672817,
    "count": 15
}