{
    "E": 1.3029052577807552,
    "temp": 0.018270344949672817,
    "count": 12
}