{
    "E": 1.3185720681997277,
    "temp": 0.018270344949672817,
    "count": 12
}