{
    "E": 1.322451283161429,
    "temp": 0.018270344949672817,
    "count": 14
}