{
    "E": 1.2891071893003576,
    "temp": 0.018270344949672817,
    "count": 13
}