{
    "E": 1.2884442611694624,
    "temp": 0.018270344949672817,
    "count": 12
}