{
    "E": 1.2906085256811584,
    "temp": 0.018270344949672817,
    "count": 14
}