{
    "E": 1.2912532687026776,
    "temp": 0.018270344949672817,
    "count": 12
}