{
    "timestamp": "2025-12-12T16:50:47.101125",
    "client_id": 2,
    "round": 1,
    "accepted": false,
    "communication_type": "rejected",
    "size_bytes": 0,
    "size_mb": 0.0,
    "metrics": {
        "val_accuracy": 0.3552025836758661,
        "val_precision": 0.1736641221374046,
        "val_recall": 0.1736641221374046,
        "val_f1": 0.1736641221374046,
        "val_fpr": 0.06367292225201072
    }
}