{
    "timestamp": "2025-12-12T16:52:30.485719",
    "client_id": 4,
    "round": 1,
    "accepted": false,
    "communication_type": "rejected",
    "size_bytes": 0,
    "size_mb": 0.0,
    "metrics": {
        "val_accuracy": 0.3625794583147799,
        "val_precision": 0.1823365433350228,
        "val_recall": 0.1823365433350228,
        "val_f1": 0.1823365433350228,
        "val_fpr": 0.06454021213057358
    }
}