{
    "timestamp": "2025-12-12T16:51:05.734966",
    "client_id": 0,
    "round": 1,
    "accepted": false,
    "communication_type": "rejected",
    "size_bytes": 0,
    "size_mb": 0.0,
    "metrics": {
        "val_accuracy": 0.3564547371701748,
        "val_precision": 0.17637376551025577,
        "val_recall": 0.17637376551025577,
        "val_f1": 0.17637376551025577,
        "val_fpr": 0.06598853720245779
    }
}