{
    "timestamp": "2025-12-12T16:50:52.621977",
    "client_id": 3,
    "round": 1,
    "accepted": false,
    "communication_type": "rejected",
    "size_bytes": 0,
    "size_mb": 0.0,
    "metrics": {
        "val_accuracy": 0.5037989956557801,
        "val_precision": 0.5037989956557801,
        "val_recall": 0.6842038539553752,
        "val_f1": 0.5741465530267051,
        "val_fpr": 0.5622003595685178
    }
}