{
    "timestamp": "2025-12-12T16:50:40.967155",
    "client_id": 1,
    "round": 1,
    "accepted": false,
    "communication_type": "rejected",
    "size_bytes": 0,
    "size_mb": 0.0,
    "metrics": {
        "val_accuracy": 0.3612628673216838,
        "val_precision": 0.18182966894111702,
        "val_recall": 0.18182966894111702,
        "val_f1": 0.181829668941117,
        "val_fpr": 0.06543318954316303
    }
}