{
    "timestamp": "2026-01-09T16:27:24.962579",
    "client_id": 7,
    "round": 1,
    "accepted": true,
    "communication_type": "full_model",
    "size_bytes": 68632,
    "size_mb": 0.06545257568359375,
    "metrics": {
        "val_accuracy": 0.8384746445850995,
        "val_precision": 0.8478436026471339,
        "val_recall": 0.8464125450151765,
        "val_f1": 0.8471269808645321,
        "val_fpr": 0.07823246267090928
    }
}