{
    "round": 9,
    "timestamp": "2026-01-09T08:03:05.001859",
    "total_clients": 10,
    "accepted_clients": 9,
    "rejected_clients": 1,
    "acceptance_rate": 0.9,
    "model_size_mb": 0.07625579833984375,
    "communication_saved_mb": 0.07625579833984375
}